bird,abundance,img,ebird,wikipedia,allaboutbirds,migration,recording,tags,male,female
Snow Goose,RRX--XU,https://upload.wikimedia.org/wikipedia/commons/1/1f/Snow_goose_in_Central_Park_%2833138%29.jpg,https://ebird.org/species/snogoo,https://en.wikipedia.org/wiki/Snow_goose,https://www.allaboutbirds.org/guide/Snow_Goose/overview,https://www.allaboutbirds.org/guide/assets/photo/31491721-1280px.jpg,https://macaulaylibrary.org/asset/79504721,,,
Ross's Goose,RR----R,https://upload.wikimedia.org/wikipedia/commons/4/4b/Ross%27s_Goose_%28Chen_rossii%29_%2823321411711%29.jpg,https://ebird.org/species/rosgoo/,https://en.wikipedia.org/wiki/Ross%27s_goose,https://www.allaboutbirds.org/guide/Rosss_Goose/overview,https://www.allaboutbirds.org/guide/assets/photo/31492051-1280px.jpg,https://macaulaylibrary.org/asset/113756861,,,
Greater White-fronted Goose,RR----U,https://upload.wikimedia.org/wikipedia/commons/4/4f/Anser_albifrons_30050.JPG,https://ebird.org/species/gwfgoo,https://en.wikipedia.org/wiki/Greater_white-fronted_goose,https://www.allaboutbirds.org/guide/Greater_White-fronted_Goose/overview,https://www.allaboutbirds.org/guide/assets/photo/38820611-1280px.jpg,https://macaulaylibrary.org/asset/131491,,,
Cackling Goose,UU---RU,https://upload.wikimedia.org/wikipedia/commons/b/b4/AleutianCanadaGoose2.jpg,https://ebird.org/species/cacgoo1,https://en.wikipedia.org/wiki/Cackling_goose,https://www.allaboutbirds.org/guide/Cackling_Goose/overview,https://www.allaboutbirds.org/guide/assets/photo/30676221-1280px.jpg,https://macaulaylibrary.org/asset/280224161,,,
Canada Goose,AAACCAA,https://upload.wikimedia.org/wikipedia/commons/4/40/Canada_goose_on_Seedskadee_NWR_%2827826185489%29.jpg,https://ebird.org/species/cangoo/,https://en.wikipedia.org/wiki/Canada_goose,https://www.allaboutbirds.org/guide/Canada_Goose/overview,https://www.allaboutbirds.org/guide/assets/photo/31492711-1280px.jpg,https://macaulaylibrary.org/asset/53519641,,,
Trumpeter Swan,XX----X,https://upload.wikimedia.org/wikipedia/commons/d/d8/Trumpeter_swans_in_winter.jpg,https://ebird.org/species/truswa,https://en.wikipedia.org/wiki/Trumpeter_swan,https://www.allaboutbirds.org/guide/Trumpeter_Swan/overview,https://www.allaboutbirds.org/guide/assets/photo/31493181-1280px.jpg,https://macaulaylibrary.org/asset/93132281,,,
Tundra Swan,XX----R,https://upload.wikimedia.org/wikipedia/commons/4/4a/Cygnus_bewickii_01.jpg,https://ebird.org/species/tunswa,https://en.wikipedia.org/wiki/Tundra_swan,https://www.allaboutbirds.org/guide/Tundra_Swan,https://www.allaboutbirds.org/guide/assets/photo/31493371-1280px.jpg,https://macaulaylibrary.org/asset/203914121,,,
Wood Duck,RFFFFFF,https://upload.wikimedia.org/wikipedia/commons/d/d3/Wood_Duck_%28Aix_sponsa%29%2C_Parc_du_Rouge-Clo%C3%AEtre%2C_Brussels.jpg,https://ebird.org/species/wooduc,https://en.wikipedia.org/wiki/Wood_duck,https://www.allaboutbirds.org/guide/wood_duck,https://www.allaboutbirds.org/guide/assets/photo/31493891-1280px.jpg,https://macaulaylibrary.org/asset/63823781,,,
Blue-winged Teal,-FCUUCF,https://upload.wikimedia.org/wikipedia/commons/6/65/Blue-Winged_Teal.jpg,https://ebird.org/species/buwtea,https://en.wikipedia.org/wiki/Blue-winged_teal,https://www.allaboutbirds.org/guide/Blue-winged_Teal/overview,https://www.allaboutbirds.org/guide/assets/photo/31499571-1280px.jpg,https://macaulaylibrary.org/asset/159161811,,,
Northern Shoveler,RFUXXUU,https://upload.wikimedia.org/wikipedia/commons/a/a7/Northern_shoveler_Steve_Sinclair_outreach_use_only_%2819838806616%29.jpg,https://ebird.org/species/norsho,https://en.wikipedia.org/wiki/Northern_shoveler,https://www.allaboutbirds.org/guide/Northern_Shoveler,https://www.allaboutbirds.org/guide/assets/photo/31499801-1280px.jpg,https://macaulaylibrary.org/asset/296948,,,
Gadwall,RFR-XRF,https://upload.wikimedia.org/wikipedia/commons/9/9a/Gadwall-Anas-strepera.jpg,https://ebird.org/species/gadwal,https://en.wikipedia.org/wiki/Gadwall,https://www.allaboutbirds.org/guide/gadwall,https://www.allaboutbirds.org/guide/assets/photo/31494241-1280px.jpg,https://macaulaylibrary.org/asset/272523891,,,
American Wigeon,XFR--RF,https://upload.wikimedia.org/wikipedia/commons/b/b5/Anas_americana_-_drake.jpg,https://ebird.org/species/amewig,https://en.wikipedia.org/wiki/American_wigeon,https://www.allaboutbirds.org/guide/American_Wigeon/overview,https://www.allaboutbirds.org/guide/assets/photo/25037801-1280px.jpg,https://macaulaylibrary.org/asset/257537731,,,
Mallard,CAACCAA,https://upload.wikimedia.org/wikipedia/commons/b/bf/Anas_platyrhynchos_male_female_quadrat.jpg,https://ebird.org/species/mallar3,https://en.wikipedia.org/wiki/Mallard,https://www.allaboutbirds.org/guide/Mallard/overview,https://www.allaboutbirds.org/guide/assets/photo/31499011-1280px.jpg,https://macaulaylibrary.org/asset/88306211/embed/640,,,
American Black Duck,FFR-XXU,https://upload.wikimedia.org/wikipedia/commons/e/ea/Anas_Rubripes_and_Anas_Platyrhynchos_August_2008.JPG,https://ebird.org/species/ambduc/,https://en.wikipedia.org/wiki/American_black_duck,https://www.allaboutbirds.org/guide/American_Black_Duck/overview,https://www.allaboutbirds.org/guide/assets/photo/31498891-1280px.jpg,https://macaulaylibrary.org/asset/197045,,,
Northern Pintail,UUX--RU,https://en.wikipedia.org/wiki/Northern_pintail#/media/File:Northern_Pintails_(Male_&_Female)_I_IMG_0911.jpg,https://ebird.org/species/norpin,https://en.wikipedia.org/wiki/Northern_pintail,https://www.allaboutbirds.org/guide/Northern_Pintail/overview,https://www.allaboutbirds.org/guide/assets/photo/31500081-1280px.jpg,https://macaulaylibrary.org/asset/190263151,,,
Green-winged Teal,RFRXXFC,https://upload.wikimedia.org/wikipedia/commons/0/07/Green-winged_Teal%2C_Port_Aransas%2C_Texas.jpg,https://ebird.org/species/gnwtea,https://en.wikipedia.org/wiki/Green-winged_teal,https://www.allaboutbirds.org/guide/Green-winged_Teal/overview,https://www.allaboutbirds.org/guide/assets/photo/31500221-1280px.jpg,https://macaulaylibrary.org/asset/253456971,,,
Canvasback,RU----U,https://upload.wikimedia.org/wikipedia/commons/e/e1/Aythya_valisineria_at_Las_Gallinas_Wildlife_Ponds.jpg,https://ebird.org/species/canvas,https://en.wikipedia.org/wiki/Canvasback,https://www.allaboutbirds.org/guide/Canvasback/overview,https://www.allaboutbirds.org/guide/assets/photo/31920731-1280px.jpg,https://macaulaylibrary.org/asset/3537,,,
Redhead,RUR---U,https://upload.wikimedia.org/wikipedia/commons/0/0b/Redhead_duck_%28Aythya_americana%2C_male%29.jpg,https://ebird.org/species/redhea,https://en.wikipedia.org/wiki/Redhead_(bird),https://www.allaboutbirds.org/guide/Redhead/overview,https://www.allaboutbirds.org/guide/assets/photo/31947381-1280px.jpg,https://macaulaylibrary.org/asset/139672,,,
Ring-necked Duck,RCF---F,https://upload.wikimedia.org/wikipedia/commons/9/9a/Aythya-collaris-001.jpg,https://ebird.org/species/rinduc,https://en.wikipedia.org/wiki/Ring-necked_duck,https://www.allaboutbirds.org/guide/Ring-necked_Duck/overview,https://www.allaboutbirds.org/guide/assets/photo/31755431-1280px.jpg,https://macaulaylibrary.org/asset/64925961,,,
Greater Scaup,XRX---X,https://upload.wikimedia.org/wikipedia/commons/f/fb/Greater-scaup-male2.jpg,https://ebird.org/species/gresca,https://en.wikipedia.org/wiki/Greater_scaup,https://www.allaboutbirds.org/guide/Greater_Scaup/overview,https://www.allaboutbirds.org/guide/assets/photo/31920291-1280px.jpg,https://macaulaylibrary.org/asset/137825,,,
Lesser Scaup,RCU---F,https://upload.wikimedia.org/wikipedia/commons/b/b1/Lesser_scaup_-_Aythya_affinis.jpg,https://ebird.org/species/lessca,https://en.wikipedia.org/wiki/Lesser_scaup,https://www.allaboutbirds.org/guide/Lesser_Scaup/overview,https://www.allaboutbirds.org/guide/assets/photo/25035811-1280px.jpg,https://macaulaylibrary.org/asset/3526,,,
Surf Scoter,-XX---X,https://upload.wikimedia.org/wikipedia/commons/1/10/Melanitta_perspicillata.jpg,https://ebird.org/species/sursco,https://en.wikipedia.org/wiki/Surf_scoter,https://www.allaboutbirds.org/guide/Surf_Scoter/overview,https://www.allaboutbirds.org/guide/assets/photo/25037821-1280px.jpg,https://macaulaylibrary.org/asset/199603281,,,
White-winged Scoter,XX----X,https://upload.wikimedia.org/wikipedia/commons/f/ff/White-winged_Scoter.jpg,https://ebird.org/species/whwsco2,https://en.wikipedia.org/wiki/White-winged_scoter,https://www.allaboutbirds.org/guide/White-winged_Scoter/overview,https://www.allaboutbirds.org/guide/assets/photo/31751751-1280px.jpg,https://macaulaylibrary.org/asset/191358,,,
Black Scoter,-----XX,https://upload.wikimedia.org/wikipedia/commons/2/2c/Melanitta_americana_Barnegat_NJ.jpg,https://ebird.org/species/blksco2/,https://en.wikipedia.org/wiki/Black_scoter,https://www.allaboutbirds.org/guide/Black_Scoter/overview,https://www.allaboutbirds.org/guide/assets/photo/31956581-1280px.jpg,https://macaulaylibrary.org/asset/169277571,['eerie call'],,
Bufflehead,XFU---F,https://upload.wikimedia.org/wikipedia/commons/0/0f/Bucephala-albeola-007.jpg,https://ebird.org/species/buffle,https://en.wikipedia.org/wiki/Bufflehead,https://www.allaboutbirds.org/guide/Bufflehead/overview,https://www.allaboutbirds.org/guide/assets/photo/38821501-1280px.jpg,https://macaulaylibrary.org/asset/138213,,,
Common Goldeneye,FF----F,https://upload.wikimedia.org/wikipedia/commons/3/34/Common_Goldeneye_%28Bucephala_clangula%29.jpg,https://ebird.org/species/comgol,https://en.wikipedia.org/wiki/Common_goldeneye,https://www.allaboutbirds.org/guide/Common_Goldeneye/overview,https://www.allaboutbirds.org/guide/assets/photo/32260151-1280px.jpg,https://macaulaylibrary.org/asset/138208,,,
Hooded Merganser,RFR--RR,https://upload.wikimedia.org/wikipedia/commons/1/15/Hooded_Merganser_%28Lophodytes_cucullatus%29_%281%29.JPG,https://ebird.org/species/hoomer/,https://en.wikipedia.org/wiki/Hooded_merganser,https://www.allaboutbirds.org/guide/Hooded_Merganser/overview,https://www.allaboutbirds.org/guide/assets/photo/32312371-1280px.jpg,https://macaulaylibrary.org/asset/219477061,,,
Common Merganser,UFU---U,https://upload.wikimedia.org/wikipedia/commons/b/be/Mergus_merganser_-Sandwell_-England_-male-8.jpg,https://ebird.org/species/commer,https://en.wikipedia.org/wiki/Common_merganser,https://www.allaboutbirds.org/guide/Common_merganser/overview,https://www.allaboutbirds.org/guide/assets/photo/32260311-1280px.jpg,https://macaulaylibrary.org/asset/208071711,,,
Red-breasted Merganser,XUR---R,https://upload.wikimedia.org/wikipedia/commons/6/65/Mergus_serrator_-New_Jersey_-USA_-winter-8.jpg,https://ebird.org/species/rebmer,https://en.wikipedia.org/wiki/Red-breasted_merganser,https://www.allaboutbirds.org/guide/Red-breasted_Merganser/overview,https://www.allaboutbirds.org/guide/assets/photo/31913981-1280px.jpg,https://macaulaylibrary.org/asset/245394441,,,
Ruddy Duck,XFUXXUU,https://upload.wikimedia.org/wikipedia/commons/b/ba/Ruddy_Duck_%28Oxyura_jamaicensis%29_RWD2.jpg,https://ebird.org/species/rudduc,https://en.wikipedia.org/wiki/Ruddy_duck,https://www.allaboutbirds.org/guide/Ruddy_Duck/overview,https://www.allaboutbirds.org/guide/assets/photo/31947491-1280px.jpg,https://macaulaylibrary.org/asset/73924461,,,
Ring-necked Pheasant,RRRRRRR,https://upload.wikimedia.org/wikipedia/commons/d/d7/Phasianus_colchicus_2_tom_%28Lukasz_Lukasik%29.jpg,https://ebird.org/species/rinphe,https://en.wikipedia.org/wiki/Common_pheasant,https://www.allaboutbirds.org/guide/Ring-necked_Pheasant/overview,https://www.allaboutbirds.org/guide/assets/photo/38821761-1280px.jpg,https://macaulaylibrary.org/asset/105675,,,
Wild Turkey (released),RRRRRRR,https://upload.wikimedia.org/wikipedia/commons/5/50/Gall-dindi.jpg,https://ebird.org/species/wiltur,https://en.wikipedia.org/wiki/Wild_turkey,https://www.allaboutbirds.org/guide/wild_turkey/overview,https://www.allaboutbirds.org/guide/assets/photo/25003991-1280px.jpg,https://macaulaylibrary.org/asset/73964601,,,
Pied-billed Grebe,XFFUUFU,https://upload.wikimedia.org/wikipedia/commons/8/8c/Podilymbus-podiceps-001.jpg,https://ebird.org/species/pibgre,https://en.wikipedia.org/wiki/Pied-billed_grebe,https://www.allaboutbirds.org/guide/Pied-billed_Grebe/overview,https://www.allaboutbirds.org/guide/assets/photo/31912921-1280px.jpg,https://macaulaylibrary.org/asset/131025131,,,
Horned Grebe,XUU---R,https://upload.wikimedia.org/wikipedia/commons/6/6e/Podiceps_auritus_oisillons.jpg,https://ebird.org/species/horgre,https://en.wikipedia.org/wiki/Horned_grebe,https://www.allaboutbirds.org/guide/Horned_Grebe/overview,https://www.allaboutbirds.org/guide/assets/photo/31916121-1280px.jpg,https://macaulaylibrary.org/asset/235479,,,
Eared Grebe,-XX----,https://upload.wikimedia.org/wikipedia/commons/1/10/Black-necked_Grebe_Schwarzhalstaucher.jpg,https://ebird.org/species/eargre,https://en.wikipedia.org/wiki/Black-necked_grebe,https://www.allaboutbirds.org/guide/Eared_Grebe/overview,https://www.allaboutbirds.org/guide/assets/photo/31913491-1280px.jpg,https://macaulaylibrary.org/asset/153837491,,,
Rock Dove,CCCCCCC,https://upload.wikimedia.org/wikipedia/commons/5/56/Paloma_brav%C3%ADa_%28Columba_livia%29%2C_Palacio_de_Nymphenburg%2C_M%C3%BAnich%2C_Alemania01.JPG,https://ebird.org/species/rocpig,https://en.wikipedia.org/wiki/Rock_dove,https://www.allaboutbirds.org/guide/Rock_Pigeon/overview,https://www.allaboutbirds.org/guide/assets/photo/25015391-1280px.jpg,https://macaulaylibrary.org/asset/144324561,,,
Eurasian Collared-Dove,-RRRRRR,https://upload.wikimedia.org/wikipedia/commons/0/0b/Eurasian_collared-dove_%28Streptopelia_decaocto%29.jpg,https://ebird.org/species/eucdov,https://en.wikipedia.org/wiki/Eurasian_collared_dove,https://www.allaboutbirds.org/guide/Eurasian_Collared-Dove/overview,https://www.allaboutbirds.org/guide/assets/photo/25024391-1280px.jpg,https://macaulaylibrary.org/asset/220258691,,,
Mourning Dove,FFCCCCC,https://upload.wikimedia.org/wikipedia/commons/b/b7/Mourning_Dove_2006.jpg,https://ebird.org/species/moudov,https://en.wikipedia.org/wiki/Mourning_dove,https://www.allaboutbirds.org/guide/Mourning_Dove/overview,https://www.allaboutbirds.org/guide/assets/photo/32321521-1280px.jpg,https://macaulaylibrary.org/asset/104609081,,,
Yellow-billed Cuckoo,--UURU-,https://upload.wikimedia.org/wikipedia/commons/3/34/Coccyzus-americanus-001.jpg,https://ebird.org/species/yebcuc,https://en.wikipedia.org/wiki/Yellow-billed_cuckoo,https://www.allaboutbirds.org/guide/Yellow-billed_Cuckoo/overview,https://www.allaboutbirds.org/guide/assets/photo/25035771-1280px.jpg,https://macaulaylibrary.org/asset/65099051,,,
Black-billed Cuckoo,--URRU-,https://upload.wikimedia.org/wikipedia/commons/6/67/Black-billed-cuckoo2.jpg,https://ebird.org/species/bkbcuc,https://en.wikipedia.org/wiki/Black-billed_cuckoo,https://www.allaboutbirds.org/guide/Black-billed_Cuckoo/overview,https://www.allaboutbirds.org/guide/assets/photo/92638861-1280px.jpg,https://macaulaylibrary.org/asset/229553,,,
Common Nighthawk,--URRU-,https://upload.wikimedia.org/wikipedia/commons/e/eb/Common_Nighthawk_%2814428313550%29.jpg,https://ebird.org/species/comnig,https://en.wikipedia.org/wiki/Common_nighthawk,https://www.allaboutbirds.org/guide/Common_Nighthawk/overview,https://www.allaboutbirds.org/guide/assets/photo/32260981-1280px.jpg,https://macaulaylibrary.org/asset/166718241,,,
Eastern Whip-poor-will,--RXX--,https://upload.wikimedia.org/wikipedia/commons/2/20/Caprimulgus_vociferusAAP065B.jpg,https://ebird.org/species/whip-p1,https://en.wikipedia.org/wiki/Eastern_whip-poor-will,https://www.allaboutbirds.org/guide/Eastern_Whip-poor-will/overview,https://www.allaboutbirds.org/guide/assets/photo/32268201-1280px.jpg,https://macaulaylibrary.org/asset/195774,,,
Chimney Swift,-RFFFFF,https://www.allaboutbirds.org/guide/assets/photo/66113891-1280px.jpg,https://ebird.org/species/chiswi/,https://en.wikipedia.org/wiki/Chimney_swift,https://www.allaboutbirds.org/guide/Chimney_Swift/overview,https://www.allaboutbirds.org/guide/assets/photo/25036591-1280px.jpg,https://macaulaylibrary.org/asset/527296,,,
Ruby-throated Hummingbird,--UUUFX,https://upload.wikimedia.org/wikipedia/commons/f/f3/Archilochus_colubris_%28Male%29.jpg,https://ebird.org/species/rthhum,https://en.wikipedia.org/wiki/Ruby-throated_hummingbird,https://www.allaboutbirds.org/guide/Ruby-throated_Hummingbird/overview,https://www.allaboutbirds.org/guide/assets/photo/32254601-1280px.jpg,https://macaulaylibrary.org/asset/178584751,,,
King Rail,--RRR--,https://upload.wikimedia.org/wikipedia/commons/5/5f/KingRail23.jpg,https://ebird.org/species/kinrai4,https://en.wikipedia.org/wiki/King_rail,https://www.allaboutbirds.org/guide/King_Rail/overview,https://www.allaboutbirds.org/guide/assets/photo/25038011-1280px.jpg,https://macaulaylibrary.org/asset/93633641,,,
Virginia Rail,-RFRRRX,https://upload.wikimedia.org/wikipedia/commons/a/a1/Rallus_limicola_-Cloisters_Park%2C_Morro_Bay%2C_California%2C_USA-8_%281%29.jpg,https://ebird.org/species/virrai/L566915,https://en.wikipedia.org/wiki/Virginia_rail,https://www.allaboutbirds.org/guide/Virginia_Rail/overview,https://www.allaboutbirds.org/guide/assets/photo/32209551-1280px.jpg,https://macaulaylibrary.org/asset/60635981,,,
Sora,-FFUFFU,https://upload.wikimedia.org/wikipedia/commons/2/2d/Sora_%28Porzana_carolina%29.jpg,https://ebird.org/species/sora/,https://en.wikipedia.org/wiki/Sora_(bird),https://www.allaboutbirds.org/guide/Sora/overview,https://www.allaboutbirds.org/guide/assets/photo/32213791-1280px.jpg,https://macaulaylibrary.org/asset/159036671,['great call'],,
Common Gallinule,--RRRR-,https://upload.wikimedia.org/wikipedia/commons/2/20/Common-gallinule-galapagos-casey-klebba.jpg,https://ebird.org/species/comgal1/,https://en.wikipedia.org/wiki/Common_gallinule,https://www.allaboutbirds.org/guide/Common_Gallinule/overview,https://www.allaboutbirds.org/guide/assets/photo/31921231-1280px.jpg,https://macaulaylibrary.org/asset/65941821,,,
American Coot,XCCUUCF,https://upload.wikimedia.org/wikipedia/commons/f/f5/American-coot-casey-klebba.jpg,https://ebird.org/species/y00475,https://en.wikipedia.org/wiki/American_coot,https://www.allaboutbirds.org/guide/American_Coot/overview,https://www.allaboutbirds.org/guide/assets/photo/31949701-1280px.jpg,https://macaulaylibrary.org/asset/41572901,,,
Yellow Rail,-XR---X,https://upload.wikimedia.org/wikipedia/commons/6/62/Yellow_Rail.jpg,https://ebird.org/species/yelrai,https://en.wikipedia.org/wiki/Yellow_rail,https://www.allaboutbirds.org/guide/Yellow_Rail/overview,https://www.allaboutbirds.org/guide/assets/photo/25036771-1280px.jpg,https://macaulaylibrary.org/asset/128195241,,,
Sandhill Crane,XFURRRF,https://upload.wikimedia.org/wikipedia/commons/e/e2/Grus_canadensis.jpg,https://ebird.org/species/sancra,https://en.wikipedia.org/wiki/Sandhill_crane,https://www.allaboutbirds.org/guide/Sandhill_Crane/overview,https://www.allaboutbirds.org/guide/assets/photo/25019451-1280px.jpg,https://macaulaylibrary.org/asset/539731,,,
Whooping Crane,-R----R,https://upload.wikimedia.org/wikipedia/commons/7/7f/Grus_americana_Sasata.jpg,https://ebird.org/species/whocra,https://en.wikipedia.org/wiki/Whooping_crane,https://www.allaboutbirds.org/guide/Whooping_Crane/overview,https://www.allaboutbirds.org/guide/assets/photo/25037881-1280px.jpg,https://macaulaylibrary.org/asset/202747981,,,
American Avocet,--X-XXX,https://upload.wikimedia.org/wikipedia/commons/d/de/American_Avocet1.jpg,https://ebird.org/species/ameavo,https://en.wikipedia.org/wiki/American_avocet,https://www.allaboutbirds.org/guide/American_Avocet/overview,https://www.allaboutbirds.org/guide/assets/photo/31751771-1280px.jpg,https://macaulaylibrary.org/asset/50264,,,
Black-bellied Plover,--R-UU-,https://upload.wikimedia.org/wikipedia/commons/a/aa/Pluvialis_squatarola_%28summer_plumage%29.jpg,https://ebird.org/species/bkbplo/,https://en.wikipedia.org/wiki/Grey_plover,https://www.allaboutbirds.org/guide/Black-bellied_Plover/overview,https://www.allaboutbirds.org/guide/assets/photo/31957971-1280px.jpg,https://macaulaylibrary.org/asset/167886311,,,
American Golden-Plover,--R-XR-,https://upload.wikimedia.org/wikipedia/commons/6/6d/Pluvialis_dominica1.jpg,https://ebird.org/species/amgplo/,https://en.wikipedia.org/wiki/American_golden_plover,https://www.allaboutbirds.org/guide/American_Golden-Plover/overview,https://www.allaboutbirds.org/guide/assets/photo/84226471-1280px.jpg,https://macaulaylibrary.org/asset/31731481,,,
Semipalmated Plover,--U-FFR,https://upload.wikimedia.org/wikipedia/commons/b/bc/Semipalmated_Plover.jpg,https://ebird.org/species/semplo,https://en.wikipedia.org/wiki/Semipalmated_plover,https://www.allaboutbirds.org/guide/Semipalmated_Plover/overview,https://www.allaboutbirds.org/guide/assets/photo/31914051-1280px.jpg,https://macaulaylibrary.org/asset/516985,,,
Killdeer,RFCCCCU,https://upload.wikimedia.org/wikipedia/commons/e/ef/Killdeer.jpg,https://ebird.org/species/killde,https://en.wikipedia.org/wiki/Killdeer,https://www.allaboutbirds.org/guide/Killdeer/overview,https://www.allaboutbirds.org/guide/assets/photo/31916551-1280px.jpg,https://macaulaylibrary.org/asset/28760171,,,
Stilt Sandpiper,--R-FFU,https://upload.wikimedia.org/wikipedia/commons/7/75/Calidris_himantopus.jpg,https://ebird.org/species/stisan,https://en.wikipedia.org/wiki/Stilt_sandpiper,https://www.allaboutbirds.org/guide/Stilt_Sandpiper/overview,https://www.allaboutbirds.org/guide/assets/photo/31755841-1280px.jpg,https://macaulaylibrary.org/asset/262674491,,,
Sanderling,----XX-,https://upload.wikimedia.org/wikipedia/commons/7/73/Calidris_alba_-_Laem_Phak_Bia.jpg,https://ebird.org/species/sander,https://en.wikipedia.org/wiki/Sanderling,https://www.allaboutbirds.org/guide/Sanderling/overview,https://www.allaboutbirds.org/guide/assets/photo/31920561-1280px.jpg,https://macaulaylibrary.org/asset/138266,,,
Dunlin,-RU-XRU,https://upload.wikimedia.org/wikipedia/commons/f/fe/Dunlin_%28Calidris_alpina%29_juvenile.jpg,https://ebird.org/species/dunlin/,https://en.wikipedia.org/wiki/Dunlin,https://www.allaboutbirds.org/guide/Dunlin/overview,https://www.allaboutbirds.org/guide/assets/photo/32267351-1280px.jpg,https://macaulaylibrary.org/asset/203928881,,,
Baird's Sandpiper,--R-RR-,https://upload.wikimedia.org/wikipedia/commons/2/2c/Calidris_bairdii_-Gullbringusysla%2C_Iceland-8.jpg,https://ebird.org/species/baisan,https://en.wikipedia.org/wiki/Baird's_sandpiper,https://www.allaboutbirds.org/guide/Bairds_Sandpiper/overview,https://www.allaboutbirds.org/guide/assets/photo/31920801-1280px.jpg,https://macaulaylibrary.org/asset/32797461,,,
Least Sandpiper,--F-FFU,https://upload.wikimedia.org/wikipedia/commons/1/18/Least_Sandpiper.jpg,https://ebird.org/species/leasan,https://en.wikipedia.org/wiki/Least_sandpiper,https://www.allaboutbirds.org/guide/Least_Sandpiper/overview,https://www.allaboutbirds.org/guide/assets/photo/32316161-1280px.jpg,https://macaulaylibrary.org/asset/49965,,,
White-rumped Sandpiper,--R--XX,https://upload.wikimedia.org/wikipedia/commons/7/7b/Calidris_fuscicollis_PLAYERO_RABADILLA_BLANCA.jpg,https://ebird.org/species/whrsan,https://en.wikipedia.org/wiki/White-rumped_sandpiper,https://www.allaboutbirds.org/guide/White-rumped_Sandpiper/overview,https://www.allaboutbirds.org/guide/assets/photo/32009481-1280px.jpg,https://macaulaylibrary.org/asset/32242581,,,
Buff-breasted Sandpiper,----XR-,https://upload.wikimedia.org/wikipedia/commons/b/b4/Tryngites_subruficollis_-USA-8.jpg,https://ebird.org/species/bubsan/,https://en.wikipedia.org/wiki/Buff-breasted_sandpiper,https://www.allaboutbirds.org/guide/Buff-breasted_Sandpiper/overview,https://www.allaboutbirds.org/guide/assets/photo/73608491-1280px.jpg,https://macaulaylibrary.org/asset/63770,,,
Pectoral Sandpiper,-UF-FFU,https://upload.wikimedia.org/wikipedia/commons/9/96/Pectoral_Sandpiper3.jpg,https://ebird.org/species/pecsan,https://en.wikipedia.org/wiki/Pectoral_sandpiper,https://www.allaboutbirds.org/guide/Pectoral_Sandpiper/overview,https://www.allaboutbirds.org/guide/assets/photo/39403741-1280px.jpg,https://macaulaylibrary.org/asset/31730401,,,
Semipalmated Sandpiper,--U-UFR,https://upload.wikimedia.org/wikipedia/commons/0/00/Calidris-pusilla-001.jpg,https://ebird.org/species/semsan,https://en.wikipedia.org/wiki/Semipalmated_sandpiper,https://www.allaboutbirds.org/guide/Semipalmated_Sandpiper/overview,https://www.allaboutbirds.org/guide/assets/photo/25038951-1280px.jpg,https://macaulaylibrary.org/asset/137536,,,
Western Sandpiper,-----X-,https://upload.wikimedia.org/wikipedia/commons/5/51/Western_Sandpiper.jpg,https://ebird.org/species/wessan,https://en.wikipedia.org/wiki/Western_sandpiper,https://www.allaboutbirds.org/guide/Western_Sandpiper/overview,https://www.allaboutbirds.org/guide/assets/photo/25039051-1280px.jpg,https://macaulaylibrary.org/asset/105875,,,
Short-billed Dowitcher,--U-FU-,https://upload.wikimedia.org/wikipedia/commons/1/16/Limnodromus_griseus.jpg,https://ebird.org/species/shbdow,https://en.wikipedia.org/wiki/Short-billed_dowitcher,https://www.allaboutbirds.org/guide/Short-billed_Dowitcher/overview,https://www.allaboutbirds.org/guide/assets/photo/31918011-1280px.jpg,https://macaulaylibrary.org/asset/79090111,,,
Long-billed Dowitcher,--R-RUU,https://upload.wikimedia.org/wikipedia/commons/9/92/Limnodromus_scolopaceus_Mike_Baird_crop.jpg,https://ebird.org/species/lobdow,https://en.wikipedia.org/wiki/Long-billed_dowitcher,https://www.allaboutbirds.org/guide/Long-billed_Dowitcher/overview,https://www.allaboutbirds.org/guide/assets/photo/31915921-1280px.jpg,https://macaulaylibrary.org/asset/263152871,,,
American Woodcock,-UUURRR,https://upload.wikimedia.org/wikipedia/commons/0/0c/American_Woodcock_Scolopax_minor.jpg,https://ebird.org/species/amewoo,https://en.wikipedia.org/wiki/American_woodcock,https://www.allaboutbirds.org/guide/American_Woodcock/overview,https://www.allaboutbirds.org/guide/assets/photo/31950411-1280px.jpg,https://macaulaylibrary.org/asset/96879691,,,
Wilson's Snipe,RFU-RFU,https://upload.wikimedia.org/wikipedia/commons/9/9d/Gallinago-delicata-002-cropped.jpg,https://ebird.org/species/wilsni1,https://en.wikipedia.org/wiki/Wilson's_snipe,https://www.allaboutbirds.org/guide/Wilsons_Snipe/overview,https://www.allaboutbirds.org/guide/assets/photo/31913201-1280px.jpg,https://macaulaylibrary.org/asset/94350,,,
Wilson's Phalarope,--R-XF-,https://upload.wikimedia.org/wikipedia/commons/4/4a/Phalaropus_tricolor_-_breeding_female.jpg,https://ebird.org/species/wilpha/,https://en.wikipedia.org/wiki/Wilson's_phalarope,https://www.allaboutbirds.org/guide/Wilsons_Phalarope/overview,https://www.allaboutbirds.org/guide/assets/photo/39427521-1280px.jpg,https://macaulaylibrary.org/asset/162427661,,,
Spotted Sandpiper,--FFFCU,https://upload.wikimedia.org/wikipedia/commons/4/46/Actitis-macularia-005.jpg,https://ebird.org/species/sposan,https://en.wikipedia.org/wiki/Spotted_sandpiper,https://www.allaboutbirds.org/guide/Spotted_Sandpiper/overview,https://www.allaboutbirds.org/guide/assets/photo/31754211-1280px.jpg,https://macaulaylibrary.org/asset/170913191,,,
Solitary Sandpiper,-RU-FFR,https://upload.wikimedia.org/wikipedia/en/f/f0/Solitarysandpiper.jpg,https://ebird.org/species/solsan,https://en.wikipedia.org/wiki/Solitary_sandpiper,https://www.allaboutbirds.org/guide/Solitary_Sandpiper/overview,https://www.allaboutbirds.org/guide/assets/photo/31720481-1280px.jpg,https://macaulaylibrary.org/asset/79091261,,,
Greater Yellowlegs,-UU-UFF,https://upload.wikimedia.org/wikipedia/commons/2/20/Greater_Yellowlegs2.jpg,https://ebird.org/species/greyel,https://en.wikipedia.org/wiki/Greater_yellowlegs,https://www.allaboutbirds.org/guide/Greater_Yellowlegs/overview,https://www.allaboutbirds.org/guide/assets/photo/31758201-1280px.jpg,https://macaulaylibrary.org/asset/105300891,,,
Willet,--X-X--,https://upload.wikimedia.org/wikipedia/commons/2/2c/Catoptrophorus_semipalmatus_edit.jpg,https://ebird.org/species/willet1,https://en.wikipedia.org/wiki/Willet,https://www.allaboutbirds.org/guide/Willet/overview,https://www.allaboutbirds.org/guide/assets/photo/31918621-1280px.jpg,https://macaulaylibrary.org/asset/28983001,,,
Lesser Yellowlegs,-UF-FCU,https://upload.wikimedia.org/wikipedia/commons/a/a3/Lesser_Yellowlegs.jpg,https://ebird.org/species/lesyel,https://en.wikipedia.org/wiki/Lesser_yellowlegs,https://www.allaboutbirds.org/guide/Lesser_Yellowlegs/overview,https://www.allaboutbirds.org/guide/assets/photo/31913331-1280px.jpg,https://macaulaylibrary.org/asset/207171,,,
Bonaparte's Gull,-RU-X-R,https://upload.wikimedia.org/wikipedia/commons/4/4a/Bonaparte%27s_Gull%2C_Whitehorse.jpg,https://ebird.org/species/bongul/,https://en.wikipedia.org/wiki/Bonaparte's_gull,https://www.allaboutbirds.org/guide/Bonapartes_Gull/overview,https://www.allaboutbirds.org/guide/assets/photo/31965071-1280px.jpg,https://macaulaylibrary.org/asset/138200,,,
Franklin's Gull,-----XX,https://upload.wikimedia.org/wikipedia/commons/6/68/Franklin%27s_Gull%2C_Calgary.jpg,https://ebird.org/species/fragul,https://en.wikipedia.org/wiki/Franklin's_gull,https://www.allaboutbirds.org/guide/Franklins_Gull/overview,https://www.allaboutbirds.org/guide/assets/photo/32272771-1280px.jpg,https://macaulaylibrary.org/asset/95141101,,,
Ring-billed Gull,FFFUFCC,https://upload.wikimedia.org/wikipedia/commons/3/38/Larus-delawarensis-021.jpg,https://ebird.org/species/ribgul,https://en.wikipedia.org/wiki/Ring-billed_gull,https://www.allaboutbirds.org/guide/Ring-billed_Gull/overview,https://www.allaboutbirds.org/guide/assets/photo/31503241-1280px.jpg,https://macaulaylibrary.org/asset/78362981,,,
Herring Gull,FFURRUF,https://upload.wikimedia.org/wikipedia/commons/4/43/Larus_smithsonianus-USFWS.jpg,https://ebird.org/species/hergul,https://en.wikipedia.org/wiki/American_herring_gull,https://www.allaboutbirds.org/guide/Herring_Gull/overview,https://www.allaboutbirds.org/guide/assets/photo/68597151-1280px.jpg,https://macaulaylibrary.org/asset/165927,,,
Iceland Gull,XX----X,https://upload.wikimedia.org/wikipedia/commons/d/d7/Larus_glaucoides_IthacaNY.jpg,https://ebird.org/species/y00478/,https://en.wikipedia.org/wiki/Iceland_gull,https://www.allaboutbirds.org/guide/Iceland_Gull/overview,https://www.allaboutbirds.org/guide/assets/photo/83977771-1280px.jpg,https://macaulaylibrary.org/asset/230185,,,
Lesser Black-backed Gull,X------,https://upload.wikimedia.org/wikipedia/commons/5/5e/Larus-fuscus-taxbox.jpg,https://ebird.org/species/lbbgul,https://en.wikipedia.org/wiki/Lesser_black-backed_gull,https://www.allaboutbirds.org/guide/Lesser_Black-backed_Gull/overview,https://www.allaboutbirds.org/guide/assets/photo/34417871-1280px.jpg,https://macaulaylibrary.org/asset/203947851,,,
Glaucous Gull,X-----X,https://upload.wikimedia.org/wikipedia/commons/a/a5/Wiki-shirokamome.jpg,https://ebird.org/species/glagul/,https://en.wikipedia.org/wiki/Glaucous_gull,https://www.allaboutbirds.org/guide/Glaucous_Gull/overview,https://www.allaboutbirds.org/guide/assets/photo/32273581-1280px.jpg,https://macaulaylibrary.org/asset/61432851,,,
Caspian Tern,--F-FFX,https://upload.wikimedia.org/wikipedia/commons/7/72/Sterna-caspia-010.jpg,https://ebird.org/species/caster1,https://en.wikipedia.org/wiki/Caspian_tern,https://www.allaboutbirds.org/guide/assets/photo/32007701-1280px.jpg,https://www.allaboutbirds.org/guide/assets/photo/32007701-1280px.jpg,https://macaulaylibrary.org/asset/246153261,,,
Black Tern,--RFFX-,https://upload.wikimedia.org/wikipedia/commons/5/5e/%C4%8Cor%C3%ADk_%C4%8Dierny_%28Chlidonias_niger%29_a_%284644831482%29.jpg,https://ebird.org/species/blkter/,https://en.wikipedia.org/wiki/Black_tern,https://www.allaboutbirds.org/guide/Black_Tern/overview,https://www.allaboutbirds.org/guide/assets/photo/31956821-1280px.jpg,https://macaulaylibrary.org/asset/44539,,,
Forster's Tern,--R-RR-,https://upload.wikimedia.org/wikipedia/commons/9/90/Forster%27s_Tern.jpg,https://ebird.org/species/forter/,https://en.wikipedia.org/wiki/Forster's_tern,https://www.allaboutbirds.org/guide/Forsters_Tern/overview,https://www.allaboutbirds.org/guide/assets/photo/31918971-1280px.jpg,https://macaulaylibrary.org/asset/170027781,,,
Common Loon,XUR---R,https://upload.wikimedia.org/wikipedia/commons/b/b0/Gavia_immer_-Minocqua%2C_Wisconsin%2C_USA_-swimming-8.jpg,https://ebird.org/species/comloo/,https://en.wikipedia.org/wiki/Common_loon,https://www.allaboutbirds.org/guide/Common_Loon/overview,https://www.allaboutbirds.org/guide/assets/photo/31755041-1280px.jpg,https://macaulaylibrary.org/asset/33842721,,,
Double-crested Cormorant,XFCCCCU,https://upload.wikimedia.org/wikipedia/commons/f/fb/Phalacrocorax-auritus-007.jpg,https://ebird.org/species/doccor,https://en.wikipedia.org/wiki/Double-crested_cormorant,https://www.allaboutbirds.org/guide/double-crested_cormorant/overview,https://www.allaboutbirds.org/guide/assets/photo/31913881-1280px.jpg,https://macaulaylibrary.org/asset/65707121,,,
American White Pelican,-R----R,https://upload.wikimedia.org/wikipedia/commons/3/32/American_White_Pelican.jpg,https://ebird.org/species/amwpel,https://en.wikipedia.org/wiki/American_white_pelican,https://www.allaboutbirds.org/guide/American_White_Pelican/overview,https://www.allaboutbirds.org/guide/assets/photo/31950111-1280px.jpg,https://macaulaylibrary.org/asset/1988,,,
American Bittern,-RRXXR-,https://upload.wikimedia.org/wikipedia/commons/8/8d/Botaurus_lentiginosus_28079.JPG,https://ebird.org/species/amebit,https://en.wikipedia.org/wiki/American_bittern,https://www.allaboutbirds.org/guide/American_Bittern/overview,https://www.allaboutbirds.org/guide/assets/photo/44432681-1280px.jpg,https://macaulaylibrary.org/asset/103214491,,,
Least Bittern,--RRUR-,https://upload.wikimedia.org/wikipedia/commons/2/2c/Ixobrychus_exilis.jpg,https://ebird.org/species/leabit,https://en.wikipedia.org/wiki/Least_bittern,https://www.allaboutbirds.org/guide/Least_Bittern/overview,https://www.allaboutbirds.org/guide/assets/photo/31502231-1280px.jpg,https://macaulaylibrary.org/asset/255557221,,,
Great Blue Heron,UFCCCCF,https://upload.wikimedia.org/wikipedia/commons/6/67/GBHfish5.jpg,https://ebird.org/species/grbher3,https://en.wikipedia.org/wiki/Great_blue_heron,https://www.allaboutbirds.org/guide/Great_Blue_Heron/overview,https://www.allaboutbirds.org/guide/assets/photo/31502661-1280px.jpg,https://macaulaylibrary.org/asset/92488041,,,
Great Egret,XUFFCCU,https://upload.wikimedia.org/wikipedia/commons/7/7b/Great_egret_%28Ardea_alba%29_Tobago.jpg,https://ebird.org/species/greegr,https://en.wikipedia.org/wiki/Great_egret,https://www.allaboutbirds.org/guide/great_egret/overview,https://www.allaboutbirds.org/guide/assets/photo/31918201-1280px.jpg,https://macaulaylibrary.org/asset/203948071,,,
Snowy Egret,----XX-,https://upload.wikimedia.org/wikipedia/commons/f/f9/Egretta_thula_at_Las_Gallinas_Wildlife_Ponds.jpg,https://ebird.org/species/snoegr,https://en.wikipedia.org/wiki/Snowy_egret,https://www.allaboutbirds.org/guide/Snowy_Egret/overview,https://www.allaboutbirds.org/guide/assets/photo/31915631-1280px.jpg,https://macaulaylibrary.org/asset/104850961,,,
Little Blue Heron,--XXRX-,https://upload.wikimedia.org/wikipedia/commons/7/77/Egretta_caerulea_-Cananeia%2C_Sao_Paulo%2C_Brasil-8.jpg,https://ebird.org/species/libher,https://en.wikipedia.org/wiki/Little_blue_heron,https://www.allaboutbirds.org/guide/Little_Blue_Heron/overview,https://www.allaboutbirds.org/guide/assets/photo/32319641-1280px.jpg,https://macaulaylibrary.org/asset/134113,,,
Cattle Egret,-XRXXX-,https://upload.wikimedia.org/wikipedia/commons/b/b8/Cattle_Egret_%2844750698191%29.jpg,https://ebird.org/species/categr,https://en.wikipedia.org/wiki/Cattle_egret,https://www.allaboutbirds.org/guide/Cattle_Egret/overview,https://www.allaboutbirds.org/guide/assets/photo/24987541-1280px.jpg,https://macaulaylibrary.org/asset/278709,,,
Green Heron,-XFFFFR,https://upload.wikimedia.org/wikipedia/commons/f/f3/Butorides_virescens2.jpg,https://ebird.org/species/grnher/,https://en.wikipedia.org/wiki/Green_heron,https://www.allaboutbirds.org/guide/Green_Heron/overview,https://www.allaboutbirds.org/guide/assets/photo/32307751-1280px.jpg,https://macaulaylibrary.org/asset/28887711,,,
Black-crowned Night-Heron,XRRUURX,https://upload.wikimedia.org/wikipedia/commons/2/27/BCNH_CMCNJ_for_Wiki.png,https://ebird.org/species/bcnher,https://en.wikipedia.org/wiki/Black-crowned_night_heron,https://www.allaboutbirds.org/guide/Black-crowned_Night-Heron/overview,https://www.allaboutbirds.org/guide/assets/photo/31504691-1280px.jpg,https://macaulaylibrary.org/asset/170695891,,,
Turkey Vulture,XUFUUFR,https://upload.wikimedia.org/wikipedia/commons/7/78/Cathartes_aura_-Santa_Teresa_County_Park%2C_San_Jose%2C_California%2C_USA_-adult-8a.jpg,https://ebird.org/species/turvul,https://en.wikipedia.org/wiki/Turkey_vulture,https://www.allaboutbirds.org/guide/Turkey_Vulture/overview,https://www.allaboutbirds.org/guide/assets/photo/31755791-1280px.jpg,https://macaulaylibrary.org/asset/199905751,,,
Osprey,-RUUUUR,https://upload.wikimedia.org/wikipedia/commons/0/01/2010-kabini-osprey.jpg,https://ebird.org/species/osprey,https://en.wikipedia.org/wiki/Osprey,https://www.allaboutbirds.org/guide/Osprey/overview,https://www.allaboutbirds.org/guide/assets/photo/137797491-1280px.jpg,https://macaulaylibrary.org/asset/34075051,,,
Golden Eagle,-----XX,https://upload.wikimedia.org/wikipedia/commons/4/4b/%D0%91%D0%B5%D1%80%D0%BA%D1%83%D1%82_%28Aquila_chrysaetos%29.jpg,https://ebird.org/species/goleag,https://en.wikipedia.org/wiki/Golden_eagle,https://www.allaboutbirds.org/guide/Golden_Eagle/id,https://www.allaboutbirds.org/guide/assets/photo/32273781-1280px.jpg,https://macaulaylibrary.org/asset/202143881,,,
Northern Harrier,UURXXUU,https://upload.wikimedia.org/wikipedia/commons/c/c8/Northern_%28Hen%29_Harrier.jpg,https://ebird.org/species/norhar2,https://en.wikipedia.org/wiki/Northern_harrier,https://www.allaboutbirds.org/guide/Northern_Harrier/id,https://www.allaboutbirds.org/guide/assets/photo/31722201-1280px.jpg,https://macaulaylibrary.org/asset/247994031,,,
Sharp-shinned Hawk,RUU--FU,https://upload.wikimedia.org/wikipedia/commons/c/c9/Accipiter_striatus%2C_Canet_Road%2C_San_Luis_Obispo_1.jpg,https://ebird.org/species/shshaw/,https://en.wikipedia.org/wiki/Sharp-shinned_hawk,https://www.allaboutbirds.org/guide/Sharp-shinned_Hawk/id,https://www.allaboutbirds.org/guide/assets/photo/31914321-1280px.jpg,https://macaulaylibrary.org/asset/91176131,,,
Cooper's Hawk,UFUUUFU,https://upload.wikimedia.org/wikipedia/commons/a/a9/Cooper%27s_Hawk_on_Seedskadee_National_Wildlife_Refuge_%2826108620533%29.jpg,https://ebird.org/species/coohaw,https://en.wikipedia.org/wiki/Cooper's_hawk,https://www.allaboutbirds.org/guide/coopers_hawk/id,https://www.allaboutbirds.org/guide/assets/photo/31504731-1280px.jpg,https://macaulaylibrary.org/asset/109074,,,
Northern Goshawk,XR----R,https://upload.wikimedia.org/wikipedia/commons/8/81/Northern_Goshawk_ad_M2.jpg,https://ebird.org/species/norgos,https://en.wikipedia.org/wiki/Northern_goshawk,https://www.allaboutbirds.org/guide/Northern_Goshawk/id,https://www.allaboutbirds.org/guide/assets/photo/31754261-1280px.jpg,https://macaulaylibrary.org/asset/166822011,,,
Bald Eagle,URRRRRU,https://upload.wikimedia.org/wikipedia/commons/1/1a/About_to_Launch_%2826075320352%29.jpg,https://ebird.org/species/baleag,https://en.wikipedia.org/wiki/Bald_eagle,https://www.allaboutbirds.org/guide/bald_eagle/id,https://ebird.org/species/baleag,https://macaulaylibrary.org/asset/200943,,,
Red-shouldered Hawk,XXR--RU,https://upload.wikimedia.org/wikipedia/commons/6/62/Red-shouldered_Hawk_%28Buteo_lineatus%29_-_Blue_Cypress_Lake%2C_Florida.jpg,https://ebird.org/species/reshaw,https://en.wikipedia.org/wiki/Red-shouldered_hawk,https://www.allaboutbirds.org/guide/Red-shouldered_Hawk/id,https://www.allaboutbirds.org/guide/assets/photo/32257721-1280px.jpg,https://macaulaylibrary.org/asset/229090,,,
Broad-winged Hawk,--URRFR,https://upload.wikimedia.org/wikipedia/commons/9/99/Julie_Waters_broad_winged_hawk.JPG,https://ebird.org/species/brwhaw,https://en.wikipedia.org/wiki/Broad-winged_hawk,https://www.allaboutbirds.org/guide/Broad-winged_Hawk/id,https://www.allaboutbirds.org/guide/assets/photo/25194071-1280px.jpg,https://macaulaylibrary.org/asset/4308,,,
Red-tailed Hawk,CCCFFCC,https://upload.wikimedia.org/wikipedia/commons/5/51/Buteo_jamaicensis_-John_Heinz_National_Wildlife_Refuge_at_Tinicum%2C_Pennsylvania%2C_USA-8.jpg,https://ebird.org/species/rethaw,https://en.wikipedia.org/wiki/Red-tailed_hawk,https://www.allaboutbirds.org/guide/Red-tailed_Hawk/id,https://www.allaboutbirds.org/guide/assets/photo/31503941-1280px.jpg,https://ebird.org/species/rethaw,,,
Rough-legged Hawk,RR----R,https://upload.wikimedia.org/wikipedia/commons/e/e4/Buteo_lagopus_29283.JPG,https://ebird.org/species/rolhaw,https://en.wikipedia.org/wiki/Rough-legged_buzzard,https://www.allaboutbirds.org/guide/Rough-legged_Hawk/id,https://www.allaboutbirds.org/guide/assets/photo/31919711-1280px.jpg,https://macaulaylibrary.org/asset/203915941,,,
Eastern Screech-Owl,FFURRRU,https://upload.wikimedia.org/wikipedia/commons/3/3d/Eastern_Screech_Owl.jpg,https://ebird.org/species/easowl1/,https://en.wikipedia.org/wiki/Eastern_screech_owl,https://www.allaboutbirds.org/guide/Eastern_Screech-Owl/id,https://www.allaboutbirds.org/guide/assets/photo/32267961-1280px.jpg,https://macaulaylibrary.org/asset/168804731,,,
Great Horned Owl,FFFUUUF,https://upload.wikimedia.org/wikipedia/commons/2/23/Bubo_virginianus_06.jpg,https://ebird.org/species/grhowl,https://en.wikipedia.org/wiki/Great_horned_owl,https://www.allaboutbirds.org/guide/Great_Horned_Owl/overview,https://www.allaboutbirds.org/guide/assets/photo/25036171-1280px.jpg,https://macaulaylibrary.org/asset/132729861,,,
Barred Owl,URR---R,https://upload.wikimedia.org/wikipedia/commons/3/3c/Strix-varia-005.jpg,https://ebird.org/species/brdowl/,https://en.wikipedia.org/wiki/Barred_owl,https://www.allaboutbirds.org/guide/Barred_Owl/id,https://www.allaboutbirds.org/guide/assets/photo/31916191-1280px.jpg,https://macaulaylibrary.org/asset/93169341,,,
Long-eared Owl,URX---R,https://upload.wikimedia.org/wikipedia/commons/e/ef/Asio_otus_1_%28Martin_Mecnarowski%29.jpg,https://ebird.org/species/loeowl,https://en.wikipedia.org/wiki/Long-eared_owl,https://www.allaboutbirds.org/guide/Long-eared_Owl/id,https://www.allaboutbirds.org/guide/assets/photo/32319951-1280px.jpg,https://macaulaylibrary.org/audio/49057,,,
Short-eared Owl,UXX---R,https://upload.wikimedia.org/wikipedia/commons/6/61/Short_eared_owl_kuwait_by_irvin_calicut_DSCN0576.jpg,https://ebird.org/species/sheowl,https://en.wikipedia.org/wiki/Short-eared_owl,https://www.allaboutbirds.org/guide/Short-eared_Owl/id,https://www.allaboutbirds.org/guide/assets/photo/31504491-1280px.jpg,https://ebird.org/species/sheowl,,,
Northern Saw-whet Owl,RX----R,https://upload.wikimedia.org/wikipedia/commons/3/39/Aegolius_acadicus_-Fossil%2C_Oregon%2C_USA_-juvenile-8.jpg,https://ebird.org/species/nswowl,https://en.wikipedia.org/wiki/Northern_saw-whet_owl,https://www.allaboutbirds.org/guide/Northern_Saw-whet_Owl/id,https://www.allaboutbirds.org/guide/assets/photo/32322881-1280px.jpg,https://macaulaylibrary.org/audio/42199,,,
Belted Kingfisher,RFFUUFU,https://upload.wikimedia.org/wikipedia/commons/8/8f/Belted_Kingfisher.jpg,https://ebird.org/species/belkin1,https://en.wikipedia.org/wiki/Belted_kingfisher,https://www.allaboutbirds.org/guide/Belted_Kingfisher/id,https://www.allaboutbirds.org/guide/assets/photo/31955671-1280px.jpg,https://macaulaylibrary.org/audio/105632,,,
Yellow-bellied Sapsucker,XUU--UU,https://upload.wikimedia.org/wikipedia/commons/b/b3/Sphyrapicus_varius.jpg,https://ebird.org/species/yebsap,https://en.wikipedia.org/wiki/Yellow-bellied_sapsucker,https://www.allaboutbirds.org/guide/Yellow-bellied_Sapsucker/id,https://www.allaboutbirds.org/guide/assets/photo/31920831-1280px.jpg,https://macaulaylibrary.org/asset/132198,,,
Red-headed Woodpecker,XRUUUUR,https://upload.wikimedia.org/wikipedia/commons/a/ac/Melanerpes_erythrocephalus_-tree_trunk-USA.jpg,https://ebird.org/species/rehwoo,https://en.wikipedia.org/wiki/Red-headed_woodpecker,https://www.allaboutbirds.org/guide/Red-headed_Woodpecker/id,https://www.allaboutbirds.org/guide/assets/photo/25036821-1280px.jpg,https://macaulaylibrary.org/asset/105406,,,
Red-bellied Woodpecker,FFFFFFF,,https://ebird.org/species/rebwoo,https://en.wikipedia.org/wiki/Red-bellied_woodpecker,https://www.allaboutbirds.org/guide/Red-bellied_Woodpecker/id,https://www.allaboutbirds.org/guide/assets/photo/34470651-1280px.jpg,https://macaulaylibrary.org/asset/105714,,https://upload.wikimedia.org/wikipedia/commons/1/12/Red-bellied_Woodpecker-27527.jpg,https://upload.wikimedia.org/wikipedia/commons/a/a8/Red-bellied_Woodpecker_Female.jpg
Downy Woodpecker,CCCCCCC,,https://ebird.org/species/dowwoo,https://en.wikipedia.org/wiki/Downy_woodpecker,https://www.allaboutbirds.org/guide/Downy_Woodpecker/id,https://www.allaboutbirds.org/guide/assets/photo/32267171-1280px.jpg,https://macaulaylibrary.org/asset/75518341,,https://upload.wikimedia.org/wikipedia/commons/2/20/Downy_Woodpecker01.jpg,https://upload.wikimedia.org/wikipedia/commons/c/c1/FemaleDownyWoodpecker.jpg
Hairy Woodpecker,FUUUUUU,,https://ebird.org/species/haiwoo,https://en.wikipedia.org/wiki/Hairy_woodpecker,https://www.allaboutbirds.org/guide/Hairy_Woodpecker/id,https://www.allaboutbirds.org/guide/assets/photo/31947571-1280px.jpg,https://macaulaylibrary.org/asset/211302481,,https://upload.wikimedia.org/wikipedia/commons/1/1f/Picoides-villosus-001.jpg,https://upload.wikimedia.org/wikipedia/commons/9/95/Hairy_Woodpecker_%28female%29.jpg
Pileated Woodpecker,RUURRRR,https://upload.wikimedia.org/wikipedia/commons/1/12/PileatedWoodpeckerFeedingonTree%2C_crop.jpg,https://ebird.org/species/pilwoo,https://en.wikipedia.org/wiki/Pileated_woodpecker,https://www.allaboutbirds.org/guide/Pileated_Woodpecker/id,https://www.allaboutbirds.org/guide/assets/photo/32323421-1280px.jpg,https://ebird.org/species/pilwoo,,,
Northern Flicker,RUCCCCF,,https://ebird.org/species/norfli,https://en.wikipedia.org/wiki/Northern_flicker,https://www.allaboutbirds.org/guide/Northern_Flicker/id,https://www.allaboutbirds.org/guide/assets/photo/183984281-1280px.jpg,https://macaulaylibrary.org/asset/94346,,https://upload.wikimedia.org/wikipedia/commons/0/02/NorthernFlicker-male.jpg,https://upload.wikimedia.org/wikipedia/commons/4/40/Northern_Flicker.jpg
American Kestrel,FFFFFFF,,https://ebird.org/species/amekes,https://en.wikipedia.org/wiki/American_kestrel,https://www.allaboutbirds.org/guide/American_Kestrel/id,https://www.allaboutbirds.org/guide/assets/photo/31919181-1280px.jpg,https://macaulaylibrary.org/asset/133146,,https://upload.wikimedia.org/wikipedia/commons/7/73/AmericanKestrel02.jpg,https://upload.wikimedia.org/wikipedia/commons/f/f9/Female_American_Kestrel.jpg
Merlin,XRX--RU,https://upload.wikimedia.org/wikipedia/commons/9/9e/Merlin_prey_fencepost_Cochrane_cropped.jpg,https://ebird.org/species/merlin,https://en.wikipedia.org/wiki/Merlin_(bird),https://www.allaboutbirds.org/guide/merlin/id,https://www.allaboutbirds.org/guide/assets/photo/31503671-1280px.jpg,https://macaulaylibrary.org/asset/4408,,,
Peregrine Falcon,XRRXXRU,https://upload.wikimedia.org/wikipedia/commons/9/9a/Falco_peregrinus_good_-_Christopher_Watson.jpg,https://ebird.org/species/perfal,https://en.wikipedia.org/wiki/Peregrine_falcon,https://www.allaboutbirds.org/guide/Peregrine_Falcon/id,https://www.allaboutbirds.org/guide/assets/photo/31920761-1280px.jpg,https://macaulaylibrary.org/asset/16935,,,
Monk Parakeet,RRRRRRR,https://upload.wikimedia.org/wikipedia/commons/5/5c/Monk_Parakeet_%28Myiopsitta_monachus%29_%2828420470712%29.jpg,https://ebird.org/species/monpar,https://en.wikipedia.org/wiki/Monk_parakeet,https://www.allaboutbirds.org/guide/Monk_Parakeet/overview,https://www.allaboutbirds.org/guide/assets/photo/41327091-1280px.jpg,https://macaulaylibrary.org/audio/34861,,,
Olive-sided Flycatcher,--U-XU-,https://upload.wikimedia.org/wikipedia/commons/8/86/Olive-sided_Flycatcher.jpg,https://ebird.org/species/olsfly,https://en.wikipedia.org/wiki/Olive-sided_flycatcher,https://www.allaboutbirds.org/guide/Olive-sided_Flycatcher/id,https://www.allaboutbirds.org/guide/assets/photo/39455181-1280px.jpg,https://macaulaylibrary.org/asset/42268,,,
Eastern Wood-Pewee,--FFFF-,https://upload.wikimedia.org/wikipedia/commons/3/3b/Eastern_Peewee-Yucat%C3%A1n.jpg,https://ebird.org/species/eawpew,https://en.wikipedia.org/wiki/Eastern_wood_pewee,https://www.allaboutbirds.org/guide/Eastern_Wood-Pewee/id,https://www.allaboutbirds.org/guide/assets/photo/76723041-1280px.jpg,https://macaulaylibrary.org/audio/61838,,,
Yellow-bellied Flycatcher,--U--R-,https://upload.wikimedia.org/wikipedia/commons/b/bc/Yellow-bellied_Flycatcher_-_Empidonax_flaviventris.jpg,https://ebird.org/species/yebfly/,https://en.wikipedia.org/wiki/Yellow-bellied_flycatcher,https://www.allaboutbirds.org/guide/Yellow-bellied_Flycatcher/id,https://www.allaboutbirds.org/guide/assets/photo/32007981-1280px.jpg,https://macaulaylibrary.org/asset/100881,,,
Acadian Flycatcher,--RRXX-,https://upload.wikimedia.org/wikipedia/commons/2/21/Acadian_Flycatcher.jpg,https://ebird.org/species/acafly,https://en.wikipedia.org/wiki/Acadian_flycatcher,https://www.allaboutbirds.org/guide/Acadian_Flycatcher/id,https://www.allaboutbirds.org/guide/assets/photo/73623811-1280px.jpg,https://www.allaboutbirds.org/guide/assets/photo/73623811-1280px.jpg,,,
Alder Flycatcher,--UX---,https://upload.wikimedia.org/wikipedia/commons/0/00/Empidonax_alnorum_CT2.jpg,https://ebird.org/species/aldfly,https://en.wikipedia.org/wiki/Alder_flycatcher,https://www.allaboutbirds.org/guide/Alder_Flycatcher/id,https://www.allaboutbirds.org/guide/assets/photo/31949201-1280px.jpg,https://macaulaylibrary.org/asset/132248,,,
Willow Flycatcher,--FFUU-,https://upload.wikimedia.org/wikipedia/commons/0/00/Southwestern_Willow_Flycatcher.jpg,https://ebird.org/species/wilfly/,https://en.wikipedia.org/wiki/Willow_flycatcher,https://www.allaboutbirds.org/guide/Willow_Flycatcher/id,https://www.allaboutbirds.org/guide/assets/photo/32009161-1280px.jpg,https://macaulaylibrary.org/audio/84843,,,
Least Flycatcher,--FX-U-,https://upload.wikimedia.org/wikipedia/commons/4/46/Empidonax-minimus-001.jpg,https://ebird.org/species/leafly,https://en.wikipedia.org/wiki/Least_flycatcher,https://www.allaboutbirds.org/guide/Least_Flycatcher/id,https://www.allaboutbirds.org/guide/assets/photo/32315311-1280px.jpg,https://macaulaylibrary.org/audio/100845,,,
Eastern Phoebe,XCFUUFU,https://upload.wikimedia.org/wikipedia/commons/d/d0/Sayornis_phoebe_-Owen_Conservation_Park%2C_Madison%2C_Wisconsin%2C_USA-8.jpg,https://ebird.org/species/easpho/,https://en.wikipedia.org/wiki/Eastern_phoebe,https://www.allaboutbirds.org/guide/Eastern_Phoebe/id,https://www.allaboutbirds.org/guide/assets/photo/32267901-1280px.jpg,https://macaulaylibrary.org/audio/61884,,,
Great Crested Flycatcher,--CFFU-,https://upload.wikimedia.org/wikipedia/commons/0/02/Great_Crested_Flycatcher_RWD2.jpg,https://ebird.org/species/grcfly,https://en.wikipedia.org/wiki/Great_crested_flycatcher,https://www.allaboutbirds.org/guide/Great_Crested_Flycatcher/id,https://www.allaboutbirds.org/guide/assets/photo/31754361-1280px.jpg,https://macaulaylibrary.org/audio/7700,,,
Eastern Kingbird,--CCCU-,https://upload.wikimedia.org/wikipedia/commons/0/02/Tyrannus-tyrannus-001.jpg,https://ebird.org/species/easkin,https://en.wikipedia.org/wiki/Eastern_kingbird,https://www.allaboutbirds.org/guide/Eastern_Kingbird/id,https://www.allaboutbirds.org/guide/assets/photo/85147211-1280px.jpg,https://macaulaylibrary.org/asset/50238,,,
White-eyed Vireo,--RRRX-,https://upload.wikimedia.org/wikipedia/commons/1/1d/WhiteEyedVireoMaine.jpg,https://ebird.org/species/whevir/,https://en.wikipedia.org/wiki/White-eyed_vireo,https://www.allaboutbirds.org/guide/White-eyed_Vireo/id,https://www.allaboutbirds.org/guide/assets/photo/32197991-1280px.jpg,https://macaulaylibrary.org/asset/105380,,,
Bell's Vireo,--UUR--,https://upload.wikimedia.org/wikipedia/commons/c/c1/Least_Bell%27s_Vireo_USGS_WERC.jpg,https://ebird.org/species/belvir,https://en.wikipedia.org/wiki/Bell's_vireo,https://www.allaboutbirds.org/guide/Bells_Vireo/id,https://www.allaboutbirds.org/guide/assets/photo/31503291-1280px.jpg,https://macaulaylibrary.org/asset/112629,,,
Yellow-throated Vireo,--URRUX,https://upload.wikimedia.org/wikipedia/commons/f/fa/Vireo-flavifrons-001.jpg,https://ebird.org/species/yetvir,https://en.wikipedia.org/wiki/Yellow-throated_vireo,https://www.allaboutbirds.org/guide/Yellow-throated_Vireo/id,https://www.allaboutbirds.org/guide/assets/photo/31722991-1280px.jpg,https://macaulaylibrary.org/audio/79437,,,
Blue-headed Vireo,--U--UR,https://upload.wikimedia.org/wikipedia/commons/b/b5/Blue-headed_Vireo_%288088895251%29.jpg,https://ebird.org/species/buhvir,https://en.wikipedia.org/wiki/Blue-headed_vireo,https://www.allaboutbirds.org/guide/Blue-headed_Vireo/id,https://www.allaboutbirds.org/guide/assets/photo/31758801-1280px.jpg,https://macaulaylibrary.org/audio/105404,,,
Philadelphia Vireo,--U--U-,https://upload.wikimedia.org/wikipedia/commons/3/32/Vireo_philadelphicus.jpg,https://ebird.org/species/phivir/,https://en.wikipedia.org/wiki/Philadelphia_vireo,https://www.allaboutbirds.org/guide/Philadelphia_Vireo/id,https://www.allaboutbirds.org/guide/assets/photo/32323351-1280px.jpg,https://macaulaylibrary.org/asset/67802,,,
Warbling Vireo,--FFUU-,https://upload.wikimedia.org/wikipedia/commons/c/cc/WarblingVireo08.jpg,https://ebird.org/species/warvir/,https://en.wikipedia.org/wiki/Warbling_vireo,https://www.allaboutbirds.org/guide/Warbling_Vireo/id,https://www.allaboutbirds.org/guide/assets/photo/32199241-1280px.jpg,https://macaulaylibrary.org/audio/42233,,,
Red-eyed Vireo,--CFFCX,https://upload.wikimedia.org/wikipedia/commons/0/03/Vireo_olivaceus_-Madison_-Wisconsin_-USA-8.jpg,https://ebird.org/species/reevir1,https://en.wikipedia.org/wiki/Red-eyed_vireo,https://www.allaboutbirds.org/guide/Red-eyed_Vireo/id,https://www.allaboutbirds.org/guide/assets/photo/32258431-1280px.jpg,https://macaulaylibrary.org/audio/73894,,,
Loggerhead Shrike,---XX--,https://upload.wikimedia.org/wikipedia/commons/7/73/Lanius_ludovicianus_-Texas_-USA-8-4c.jpg,https://ebird.org/species/logshr,https://en.wikipedia.org/wiki/Loggerhead_shrike,https://www.allaboutbirds.org/guide/Loggerhead_Shrike/id,https://www.allaboutbirds.org/guide/assets/photo/31722591-1280px.jpg,https://macaulaylibrary.org/audio/55564,,,
Blue Jay,UUCFFCF,https://upload.wikimedia.org/wikipedia/commons/0/04/Cyanocitta-cristata-004.jpg,https://ebird.org/species/blujay,https://en.wikipedia.org/wiki/Blue_jay,https://www.allaboutbirds.org/guide/Blue_Jay/id,https://www.allaboutbirds.org/guide/assets/photo/31964581-1280px.jpg,https://macaulaylibrary.org/audio/107392,,,
American Crow,UUUUUUU,https://upload.wikimedia.org/wikipedia/commons/0/0a/Corvus-brachyrhynchos-001.jpg,https://ebird.org/species/amecro,https://en.wikipedia.org/wiki/American_crow,https://www.allaboutbirds.org/guide/American_Crow/id,https://www.allaboutbirds.org/guide/assets/photo/31920151-1280px.jpg,https://macaulaylibrary.org/audio/135405,,,
Black-capped Chickadee,CCCCCCC,https://upload.wikimedia.org/wikipedia/commons/4/4a/Poecile-atricapilla-001.jpg,https://ebird.org/species/bkcchi,https://en.wikipedia.org/wiki/Black-capped_chickadee,https://www.allaboutbirds.org/guide/Black-capped_Chickadee/id,https://www.allaboutbirds.org/guide/assets/photo/120480101-1280px.jpg,https://macaulaylibrary.org/asset/58123,,,
Tufted Titmouse,RRRXXXR,https://upload.wikimedia.org/wikipedia/commons/6/6e/Baeolophus_bicolor_15.jpeg,https://ebird.org/species/tuftit,https://en.wikipedia.org/wiki/Tufted_titmouse,https://www.allaboutbirds.org/guide/Tufted_Titmouse/id,https://www.allaboutbirds.org/guide/assets/photo/25036791-1280px.jpg,https://macaulaylibrary.org/asset/94271,,,
Horned Lark,FFURRUF,https://upload.wikimedia.org/wikipedia/commons/5/54/Shore_Lark.jpg,https://ebird.org/species/horlar,https://en.wikipedia.org/wiki/Horned_lark,https://www.allaboutbirds.org/guide/Horned_Lark/id,https://www.allaboutbirds.org/guide/assets/photo/32312441-1280px.jpg,https://macaulaylibrary.org/audio/134110,,,
Purple Martin,-RURUU-,,https://ebird.org/species/purmar,https://en.wikipedia.org/wiki/Purple_martin,https://www.allaboutbirds.org/guide/Purple_Martin/overview,https://www.allaboutbirds.org/guide/assets/photo/31752691-1280px.jpg,https://macaulaylibrary.org/audio/56923,sounds like r2d2,https://upload.wikimedia.org/wikipedia/commons/b/b9/PurpleMartin_cajay.jpg,https://upload.wikimedia.org/wikipedia/commons/c/ca/Progne_subis_-Chicago%2C_USA_-female-8.jpg
Tree Swallow,-CCCFFR,https://upload.wikimedia.org/wikipedia/commons/5/5e/Tree_swallow_at_Stroud_Preserve.jpg,https://ebird.org/species/treswa,https://en.wikipedia.org/wiki/Tree_swallow,https://www.allaboutbirds.org/guide/Tree_Swallow/id,https://www.allaboutbirds.org/guide/assets/photo/25038971-1280px.jpg,https://macaulaylibrary.org/audio/136400,,,
N. Rough-winged Swallow,-RFUFR-,https://upload.wikimedia.org/wikipedia/commons/2/2a/Northern_rough-winged_swallow_7435.jpg,https://ebird.org/species/nrwswa/,https://en.wikipedia.org/wiki/Northern_rough-winged_swallow,https://www.allaboutbirds.org/guide/Northern_Rough-winged_Swallow/id,https://www.allaboutbirds.org/guide/assets/photo/32322841-1280px.jpg,https://macaulaylibrary.org/asset/138324,,,
Bank Swallow,--UUFR-,https://upload.wikimedia.org/wikipedia/commons/0/04/Riparia_riparia_-Markinch%2C_Fife%2C_Scotland_-flying-8-4c.jpg,https://ebird.org/species/banswa,https://en.wikipedia.org/wiki/Sand_martin,https://www.allaboutbirds.org/guide/Bank_Swallow/id,https://www.allaboutbirds.org/guide/assets/photo/31913101-1280px.jpg,https://macaulaylibrary.org/audio/106597,,,
Cliff Swallow,--RRUR-,https://upload.wikimedia.org/wikipedia/commons/2/2e/Petrochelidon_pyrrhonota_1894.jpg,https://ebird.org/species/cliswa,https://en.wikipedia.org/wiki/Cliff_swallow,https://www.allaboutbirds.org/guide/Cliff_Swallow/id,https://www.allaboutbirds.org/guide/assets/photo/31614741-1280px.jpg,https://macaulaylibrary.org/audio/111063,,,
Barn Swallow,-UCCCCU,https://upload.wikimedia.org/wikipedia/commons/3/31/BarnSwallow_cajay.jpg,https://ebird.org/species/barswa,https://en.wikipedia.org/wiki/Barn_swallow,https://www.allaboutbirds.org/guide/Barn_Swallow/id,https://www.allaboutbirds.org/guide/assets/photo/31955381-1280px.jpg,https://macaulaylibrary.org/asset/26415,,,
Golden-crowned Kinglet,RFFXXRF,https://upload.wikimedia.org/wikipedia/commons/8/84/Regulus_satrapa_-Canada-8a.jpg,https://ebird.org/species/gockin,https://en.wikipedia.org/wiki/Golden-crowned_kinglet,https://www.allaboutbirds.org/guide/Golden-crowned_Kinglet/id,https://www.allaboutbirds.org/guide/assets/photo/31754421-1280px.jpg,https://macaulaylibrary.org/audio/50331,,,
Ruby-crowned Kinglet,XUF--UF,https://upload.wikimedia.org/wikipedia/commons/1/11/Ruby-crowned_Kinglet.jpg,https://ebird.org/species/ruckin,https://en.wikipedia.org/wiki/Ruby-crowned_kinglet,https://www.allaboutbirds.org/guide/Ruby-crowned_Kinglet/id,https://www.allaboutbirds.org/guide/assets/photo/31505831-1280px.jpg,https://macaulaylibrary.org/audio/120415,,,
Red-breasted Nuthatch,UURXXRU,https://upload.wikimedia.org/wikipedia/commons/d/d2/Sitta_canadensis_CT2.jpg,https://ebird.org/species/rebnut,https://en.wikipedia.org/wiki/Red-breasted_nuthatch,https://www.allaboutbirds.org/guide/Red-breasted_Nuthatch/id,https://www.allaboutbirds.org/guide/assets/photo/32258961-1280px.jpg,https://macaulaylibrary.org/audio/106724,,,
White-breasted Nuthatch,FFUUUUF,https://upload.wikimedia.org/wikipedia/commons/0/09/Sitta-carolinensis-001.jpg,https://ebird.org/species/whbnut,https://en.wikipedia.org/wiki/White-breasted_nuthatch,https://www.allaboutbirds.org/guide/White-breasted_Nuthatch/id,https://www.allaboutbirds.org/guide/assets/photo/31504131-1280px.jpg,https://macaulaylibrary.org/audio/77256,,,
Brown Creeper,UFU--RF,https://upload.wikimedia.org/wikipedia/commons/f/fc/Certhia-americana-001.jpg,https://ebird.org/species/brncre/,https://en.wikipedia.org/wiki/Brown_creeper,https://www.allaboutbirds.org/guide/Brown_Creeper/id,https://www.allaboutbirds.org/guide/assets/photo/31920891-1280px.jpg,https://macaulaylibrary.org/audio/50598,,,
Blue-gray Gnatcatcher,-RFFFU-,https://upload.wikimedia.org/wikipedia/commons/e/e8/Blue-gray_Gnatcatcher_-_Cuba_S4E0108_%2819293820712%29.jpg,https://ebird.org/species/buggna,https://en.wikipedia.org/wiki/Blue-gray_gnatcatcher,https://www.allaboutbirds.org/guide/Blue-gray_Gnatcatcher/id,https://www.allaboutbirds.org/guide/assets/photo/31502491-1280px.jpg,https://macaulaylibrary.org/audio/94268,,,
House Wren,--CFFFR,https://upload.wikimedia.org/wikipedia/commons/c/c3/House_wren_in_full_song_cropped.png,https://ebird.org/species/houwre,https://en.wikipedia.org/wiki/House_wren,https://www.allaboutbirds.org/guide/House_Wren/id,https://www.allaboutbirds.org/guide/assets/photo/32312791-1280px.jpg,https://macaulaylibrary.org/audio/107408,,,
Winter Wren,RUR---U,https://upload.wikimedia.org/wikipedia/commons/7/73/Troglodytes_hiemalis_Central_Park_NY.jpg,https://ebird.org/species/winwre3,https://en.wikipedia.org/wiki/Winter_wren,https://www.allaboutbirds.org/guide/Winter_Wren/id,https://www.allaboutbirds.org/guide/assets/photo/31919251-1280px.jpg,https://macaulaylibrary.org/audio/100830,,,
Sedge Wren,--UUURR,https://upload.wikimedia.org/wikipedia/commons/d/de/Sedge_Wren_%2831204304001%29.jpg,https://ebird.org/species/sedwre,https://en.wikipedia.org/wiki/Sedge_wren,https://www.allaboutbirds.org/guide/Sedge_Wren/id,https://www.allaboutbirds.org/guide/assets/photo/32252241-1280px.jpg,https://macaulaylibrary.org/audio/125253,,,
Marsh Wren,XXFFUUU,https://upload.wikimedia.org/wikipedia/commons/8/85/Cistothorus_palustris_-Reifel_Island%2C_Vancouver-8.jpg,https://ebird.org/species/marwre,https://en.wikipedia.org/wiki/Marsh_wren,https://www.allaboutbirds.org/guide/Marsh_Wren/id,https://www.allaboutbirds.org/guide/assets/photo/25036741-1280px.jpg,https://macaulaylibrary.org/audio/44882,,,
Carolina Wren,RRRRRRR,https://upload.wikimedia.org/wikipedia/commons/6/65/Carolina_Wren1.jpg,https://ebird.org/species/carwre,https://en.wikipedia.org/wiki/Carolina_wren,https://www.allaboutbirds.org/guide/Carolina_Wren/id,https://www.allaboutbirds.org/guide/assets/photo/25039021-1280px.jpg,https://macaulaylibrary.org/asset/84703,,,
European Starling,AAAAAAA,https://upload.wikimedia.org/wikipedia/commons/7/7d/Toulouse_-_Sturnus_vulgaris_-_2012-02-26_-_3.jpg,https://ebird.org/species/eursta,https://en.wikipedia.org/wiki/Common_starling,https://www.allaboutbirds.org/guide/European_Starling/id,https://www.allaboutbirds.org/guide/assets/photo/31503851-1280px.jpg,https://macaulaylibrary.org/audio/177718701,,,
Gray Catbird,X-CCCCU,https://upload.wikimedia.org/wikipedia/commons/c/c4/Gray-Catbird.png,https://ebird.org/species/grycat,https://en.wikipedia.org/wiki/Gray_catbird,https://www.allaboutbirds.org/guide/Gray_Catbird/id,https://www.allaboutbirds.org/guide/assets/photo/32308651-1280px.jpg,https://macaulaylibrary.org/audio/10222,,,
Brown Thrasher,XUFFUUR,https://upload.wikimedia.org/wikipedia/commons/b/bb/Toxostoma_rufum_-Garland%2C_Texas%2C_USA-8.jpg,https://ebird.org/species/brnthr,https://en.wikipedia.org/wiki/Brown_thrasher,https://www.allaboutbirds.org/guide/Brown_Thrasher/overview,https://www.allaboutbirds.org/guide/assets/photo/25014181-1280px.jpg,https://macaulaylibrary.org/audio/105379,,,
Northern Mockingbird,--RRRX-,https://upload.wikimedia.org/wikipedia/commons/0/09/Mimus_polyglottos_adult_02_cropped.jpg,https://ebird.org/species/normoc,https://en.wikipedia.org/wiki/Northern_mockingbird,https://www.allaboutbirds.org/guide/Northern_Mockingbird/id,https://www.allaboutbirds.org/guide/assets/photo/25038961-1280px.jpg,https://macaulaylibrary.org/audio/85197,,,
Eastern Bluebird,RFFFFFR,https://upload.wikimedia.org/wikipedia/commons/0/00/Sialia_sialis_-Michigan%2C_USA_-pair-8c.jpg,https://ebird.org/species/easblu/,https://en.wikipedia.org/wiki/Eastern_bluebird,https://www.allaboutbirds.org/guide/Eastern_Bluebird/id,https://www.allaboutbirds.org/guide/assets/photo/25035631-1280px.jpg,https://macaulaylibrary.org/audio/44373,,,
Veery,--FRRU-,https://upload.wikimedia.org/wikipedia/commons/3/3f/Catharus_fuscescens_CT.jpg,https://ebird.org/species/veery,https://en.wikipedia.org/wiki/Veery,https://www.allaboutbirds.org/guide/veery/id,https://www.allaboutbirds.org/guide/assets/photo/31614641-1280px.jpg,https://macaulaylibrary.org/audio/42240,,,
Gray-cheeked Thrush,--U--UR,https://upload.wikimedia.org/wikipedia/commons/5/5a/Graycheekedthrush36.jpg,https://ebird.org/species/gycthr,https://en.wikipedia.org/wiki/Grey-cheeked_thrush,https://www.allaboutbirds.org/guide/gray-cheeked_thrush/id#,https://www.allaboutbirds.org/guide/assets/photo/32306801-1280px.jpg,https://macaulaylibrary.org/audio/137830,digital call,,
Swainson's Thrush,--F--FR,https://upload.wikimedia.org/wikipedia/commons/3/35/Catharus_ustulatus_-North_Dakota-8a.jpg,https://ebird.org/species/swathr,https://en.wikipedia.org/wiki/Swainson's_thrush,https://www.allaboutbirds.org/guide/swainsons_thrush/id,https://www.allaboutbirds.org/guide/assets/photo/32212351-1280px.jpg,https://macaulaylibrary.org/audio/133353,,,
Hermit Thrush,RRF--FF,https://upload.wikimedia.org/wikipedia/commons/d/d3/Hermit_thrush_qmnonic.jpg,https://ebird.org/species/herthr,https://en.wikipedia.org/wiki/Hermit_thrush,https://www.allaboutbirds.org/guide/Hermit_Thrush/id,https://www.allaboutbirds.org/guide/assets/photo/31746161-1280px.jpg,https://macaulaylibrary.org/audio/132190,,,
Wood Thrush,--FFUR-,https://upload.wikimedia.org/wikipedia/commons/3/30/Hylocichla_mustelina_%28cropped%29.jpg,https://ebird.org/species/woothr,https://en.wikipedia.org/wiki/Wood_thrush,https://www.allaboutbirds.org/guide/Wood_Thrush/id#,https://www.allaboutbirds.org/guide/assets/photo/31722861-1280px.jpg,https://macaulaylibrary.org/audio/125223,my favorite so far,,
American Robin,UCAAAAF,https://upload.wikimedia.org/wikipedia/commons/b/b8/Turdus-migratorius-002.jpg,https://ebird.org/species/amerob,https://en.wikipedia.org/wiki/American_robin,https://www.allaboutbirds.org/guide/American_Robin/id#,https://www.allaboutbirds.org/guide/assets/photo/90628731-1280px.jpg,https://macaulaylibrary.org/audio/94255,,,
Cedar Waxwing,UUFFFFF,https://upload.wikimedia.org/wikipedia/commons/7/73/Cedar_Waxwing_-_Bombycilla_cedrorum%2C_George_Washington%27s_Birthplace_National_Monument%2C_Colonial_Beach%2C_Virginia_%2839997434862%29.jpg,https://ebird.org/species/cedwax,https://en.wikipedia.org/wiki/Cedar_waxwing,https://www.allaboutbirds.org/guide/Cedar_Waxwing/id,https://www.allaboutbirds.org/guide/assets/photo/32007851-1280px.jpg,https://macaulaylibrary.org/asset/166156861,,,
House Sparrow,CCCCCCC,,https://ebird.org/species/houspa/L1352153,https://en.wikipedia.org/wiki/House_sparrow,https://www.allaboutbirds.org/guide/House_Sparrow/id,https://www.allaboutbirds.org/guide/assets/photo/24997691-1280px.jpg,"['https://macaulaylibrary.org/asset/50543', 'https://macaulaylibrary.org/asset/139679']",,https://upload.wikimedia.org/wikipedia/commons/6/6e/Passer_domesticus_male_%2815%29.jpg,https://upload.wikimedia.org/wikipedia/commons/6/6e/Passer_domesticus_male_%2815%29.jpg
American Pipit,XXR--RU,https://upload.wikimedia.org/wikipedia/commons/0/07/Anthus_rubescens_-Harney_County%2C_Oregon%2C_USA-8.jpg,https://ebird.org/species/amepip,https://en.wikipedia.org/wiki/Buff-bellied_pipit,https://www.allaboutbirds.org/guide/American_Pipit/id,https://www.allaboutbirds.org/guide/assets/photo/31949931-1280px.jpg,https://macaulaylibrary.org/asset/62303,,,
House Finch,FCCCCCF,,https://ebird.org/species/houfin,https://en.wikipedia.org/wiki/House_finch,https://www.allaboutbirds.org/guide/House_Finch/id,https://www.allaboutbirds.org/guide/assets/photo/32312711-1280px.jpg,https://macaulaylibrary.org/audio/118626,,https://upload.wikimedia.org/wikipedia/commons/3/30/Carpodacus_mexicanus_-Madison%2C_Wisconsin%2C_USA-8.jpg,https://upload.wikimedia.org/wikipedia/commons/9/99/House_Finch%2C_Stratham%2C_NH.jpg
Purple Finch,RRU--UR,,https://ebird.org/species/purfin,https://en.wikipedia.org/wiki/Purple_finch,https://www.allaboutbirds.org/guide/Purple_Finch/id,https://www.allaboutbirds.org/guide/assets/photo/32323891-1280px.jpg,https://macaulaylibrary.org/audio/195714,,https://upload.wikimedia.org/wikipedia/commons/4/42/Carpodacus_purpureus_CT3.jpg,https://upload.wikimedia.org/wikipedia/commons/d/dd/Carpodacus_purpureus_CT4.jpg
Common Redpoll,FU----U,https://upload.wikimedia.org/wikipedia/commons/f/f8/Carduelis_flammea_CT6.jpg,https://ebird.org/species/comred/,https://en.wikipedia.org/wiki/Common_redpoll,https://www.allaboutbirds.org/guide/Common_Redpoll/id,https://www.allaboutbirds.org/guide/assets/photo/31917231-1280px.jpg,https://macaulaylibrary.org/audio/105813,,,
Red Crossbill,URX---R,,https://ebird.org/species/redcro/,https://en.wikipedia.org/wiki/Red_crossbill,https://www.allaboutbirds.org/guide/Red_Crossbill/id#,https://www.allaboutbirds.org/guide/assets/photo/32257131-1280px.jpg,https://macaulaylibrary.org/audio/34743,,https://upload.wikimedia.org/wikipedia/commons/4/49/Red_Crossbills_%28Male%29.jpg,https://upload.wikimedia.org/wikipedia/commons/9/9b/Red_Crossbill_%28Female%29.jpg
White-winged Crossbill,UR-----,,https://ebird.org/species/whwcro,https://en.wikipedia.org/wiki/Two-barred_crossbill,https://www.allaboutbirds.org/guide/White-winged_Crossbill/id,https://www.allaboutbirds.org/guide/assets/photo/32009411-1280px.jpg,https://macaulaylibrary.org/audio/103204,,https://upload.wikimedia.org/wikipedia/commons/4/46/Whitewingedcrossbillmale09.jpg,https://upload.wikimedia.org/wikipedia/commons/1/10/White-winged_Crossbill_-_female.jpg
Pine Siskin,FFRXXXF,https://upload.wikimedia.org/wikipedia/commons/2/2e/Carduelis_pinus_CT7.jpg,https://ebird.org/species/pinsis,https://en.wikipedia.org/wiki/Pine_siskin,https://www.allaboutbirds.org/guide/Pine_Siskin/id,https://www.allaboutbirds.org/guide/assets/photo/31752411-1280px.jpg,https://macaulaylibrary.org/audio/44845,,,
American Goldfinch,FFCCCCC,,https://ebird.org/species/amegfi,https://en.wikipedia.org/wiki/American_goldfinch,https://www.allaboutbirds.org/guide/American_Goldfinch/id,https://www.allaboutbirds.org/guide/assets/photo/63179501-1280px.jpg,https://macaulaylibrary.org/asset/111054,,https://upload.wikimedia.org/wikipedia/commons/a/a0/Male_American_Goldfinch_in_Lodi_CA.JPG,https://upload.wikimedia.org/wikipedia/commons/b/b1/Female_american_goldfinch.jpg
Lapland Longspur,URX---U,,https://ebird.org/species/laplon,https://en.wikipedia.org/wiki/Lapland_longspur,https://www.allaboutbirds.org/guide/Lapland_Longspur/id,https://www.allaboutbirds.org/guide/assets/photo/32314181-1280px.jpg,https://macaulaylibrary.org/audio/132125,,https://upload.wikimedia.org/wikipedia/commons/6/61/Lapland_Longspur_-_Calcarius_lapponicus_-_Sportittlingur_1.jpg,https://upload.wikimedia.org/wikipedia/commons/f/ff/Calcarius_lapponicus_%28female%29_1996-07-25.jpg
Snow Bunting,UR----U,,,https://en.wikipedia.org/wiki/Snow_bunting,https://www.allaboutbirds.org/guide/Snow_Bunting/id,https://www.allaboutbirds.org/guide/assets/photo/32214271-1280px.jpg,https://macaulaylibrary.org/audio/130949,,https://upload.wikimedia.org/wikipedia/commons/0/0f/Plectrophenax_nivalis1.jpg,https://upload.wikimedia.org/wikipedia/commons/4/45/SnowBunting-MtA.jpg
Grasshopper Sparrow,--FUUR-,https://upload.wikimedia.org/wikipedia/commons/c/c2/Grasshopper_Sparrow.jpg,https://ebird.org/species/graspa,https://en.wikipedia.org/wiki/Grasshopper_sparrow,https://www.allaboutbirds.org/guide/Grasshopper_Sparrow/id,https://www.allaboutbirds.org/guide/assets/photo/32306061-1280px.jpg,https://macaulaylibrary.org/audio/42242,,,
Chipping Sparrow,-UFFFUR,https://upload.wikimedia.org/wikipedia/commons/2/29/Spizella-passerina-015_edit.jpg,https://ebird.org/species/chispa/,https://en.wikipedia.org/wiki/Chipping_sparrow,https://www.allaboutbirds.org/guide/Chipping_Sparrow/id,https://www.allaboutbirds.org/guide/assets/photo/31755701-1280px.jpg,https://macaulaylibrary.org/audio/106641,,,
Clay-colored Sparrow,--URXRR,https://upload.wikimedia.org/wikipedia/commons/e/eb/Spizella_pallida4_edit.jpg,https://ebird.org/species/clcspa,https://en.wikipedia.org/wiki/Clay-colored_sparrow,https://www.allaboutbirds.org/guide/Clay-colored_Sparrow/id,https://www.allaboutbirds.org/guide/assets/photo/31505901-1280px.jpg,https://macaulaylibrary.org/audio/42229,,,
Field Sparrow,RRCFFUU,https://upload.wikimedia.org/wikipedia/commons/a/ad/Field_sparrow_head.JPG,https://ebird.org/species/fiespa,https://en.wikipedia.org/wiki/Field_sparrow,https://www.allaboutbirds.org/guide/Field_Sparrow/id,https://www.allaboutbirds.org/guide/assets/photo/32269171-1280px.jpg,https://macaulaylibrary.org/asset/94479,,,
Lark Sparrow,--RR---,https://upload.wikimedia.org/wikipedia/commons/7/79/LarkSparrow.jpg,https://ebird.org/species/larspa,https://en.wikipedia.org/wiki/Lark_sparrow,https://www.allaboutbirds.org/guide/Lark_Sparrow/id,https://www.allaboutbirds.org/guide/assets/photo/32314471-1280px.jpg,https://macaulaylibrary.org/audio/56919,,,
American Tree Sparrow,CFX---F,https://upload.wikimedia.org/wikipedia/commons/c/cf/Spizella-arborea-002_edit2.jpg,https://ebird.org/species/amtspa,https://en.wikipedia.org/wiki/American_tree_sparrow,https://www.allaboutbirds.org/guide/American_Tree_Sparrow/id,https://www.allaboutbirds.org/guide/assets/photo/31950061-1280px.jpg,https://macaulaylibrary.org/asset/130845,,,
Fox Sparrow,RFX---F,https://upload.wikimedia.org/wikipedia/commons/1/13/Passerella_iliaca-001.jpg,https://ebird.org/species/foxspa,https://en.wikipedia.org/wiki/Fox_sparrow,https://www.allaboutbirds.org/guide/Fox_Sparrow/id,https://www.allaboutbirds.org/guide/assets/photo/31948331-1280px.jpg,https://macaulaylibrary.org/audio/51094,,,
Dark-eyed Junco,CCR---C,,https://ebird.org/species/daejun,https://en.wikipedia.org/wiki/Dark-eyed_junco,https://www.allaboutbirds.org/guide/Dark-eyed_Junco/id,https://www.allaboutbirds.org/guide/assets/photo/31948691-1280px.jpg,https://macaulaylibrary.org/audio/105801,,https://upload.wikimedia.org/wikipedia/commons/f/ff/Dark-eyed_Junco-27527.jpg,https://upload.wikimedia.org/wikipedia/commons/0/04/Junco_hyemalis_hyemalis_CT2.jpg
White-crowned Sparrow,RRF---F,https://upload.wikimedia.org/wikipedia/commons/9/92/White-crowned-Sparrow.jpg,https://ebird.org/species/whcspa,https://en.wikipedia.org/wiki/White-crowned_sparrow,https://www.allaboutbirds.org/guide/White-crowned_Sparrow/id,https://www.allaboutbirds.org/guide/assets/photo/31720991-1280px.jpg,https://macaulaylibrary.org/audio/16605,,,
Harris's Sparrow,X-----X,https://upload.wikimedia.org/wikipedia/commons/9/99/Harris%27s_Sparrow_%2814u0779_std%29_%28cropped%29.jpg,https://ebird.org/species/harspa/,https://en.wikipedia.org/wiki/Harris's_sparrow,https://www.allaboutbirds.org/guide/Harriss_Sparrow/id,https://www.allaboutbirds.org/guide/assets/photo/41327001-1280px.jpg,https://macaulaylibrary.org/audio/105763,,,
White-throated Sparrow,UUC--UC,https://upload.wikimedia.org/wikipedia/commons/f/f3/Zonotrichia_albicollis_CT1.jpg,https://ebird.org/species/whtspa,https://en.wikipedia.org/wiki/White-throated_sparrow,https://www.allaboutbirds.org/guide/White-throated_Sparrow/id,https://www.allaboutbirds.org/guide/assets/photo/32010041-1280px.jpg,https://macaulaylibrary.org/audio/15610,,,
Vesper Sparrow,-RURRUR,https://upload.wikimedia.org/wikipedia/commons/c/cd/Pooecetes_gramineus_-USA-8.jpg,https://ebird.org/species/vesspa,https://en.wikipedia.org/wiki/Vesper_sparrow,https://www.allaboutbirds.org/guide/Vesper_Sparrow/id,https://www.allaboutbirds.org/guide/assets/photo/31919301-1280px.jpg,https://macaulaylibrary.org/audio/120220,,,
Le Conte's Sparrow,--R---R,https://upload.wikimedia.org/wikipedia/commons/c/cd/LESP-Erickson.jpg,https://ebird.org/species/lecspa,https://en.wikipedia.org/wiki/LeConte%27s_sparrow,https://www.allaboutbirds.org/guide/LeContes_Sparrow/id,https://www.allaboutbirds.org/guide/assets/photo/31722411-1280px.jpg,https://macaulaylibrary.org/audio/66406,,,
Nelson's Sparrow,--X--RU,https://upload.wikimedia.org/wikipedia/commons/8/8c/Ammodramus_nelsoni_-Riverlands_Migratory_Bird_Sanctuary%2C_Missouri%2C_USA-8_%281%29.jpg,https://ebird.org/species/nstspa,https://en.wikipedia.org/wiki/Nelson's_sparrow,https://www.allaboutbirds.org/guide/Nelsons_Sparrow/id,https://www.allaboutbirds.org/guide/assets/photo/32322131-1280px.jpg,https://macaulaylibrary.org/asset/64382191,,,
Savannah Sparrow,XUFFUFR,https://upload.wikimedia.org/wikipedia/commons/a/af/Passerculus_sandwichensis_crop.jpg,https://ebird.org/species/savspa,https://en.wikipedia.org/wiki/Savannah_sparrow,https://www.allaboutbirds.org/guide/Savannah_Sparrow/id,https://www.allaboutbirds.org/guide/assets/photo/31503761-1280px.jpg,https://macaulaylibrary.org/asset/136420,,,
Henslow's Sparrow,--FFFR-,https://upload.wikimedia.org/wikipedia/commons/2/25/Henslows_Sparrow_%28Ammodramus_henslowii%29_%285752598436%29.jpg,https://ebird.org/species/henspa,https://en.wikipedia.org/wiki/Henslow's_sparrow,https://www.allaboutbirds.org/guide/Henslows_Sparrow/id,https://www.allaboutbirds.org/guide/assets/photo/32311481-1280px.jpg,https://macaulaylibrary.org/audio/113521,,,
Song Sparrow,UFCCCCF,https://upload.wikimedia.org/wikipedia/commons/a/a4/Melospiza-melodia-001.jpg,https://ebird.org/species/sonspa,https://en.wikipedia.org/wiki/Song_sparrow,https://www.allaboutbirds.org/guide/Song_Sparrow/id,https://www.allaboutbirds.org/guide/assets/photo/31947811-1280px.jpg,https://macaulaylibrary.org/asset/44866,,,
Lincoln's Sparrow,X-U--UF,https://upload.wikimedia.org/wikipedia/commons/5/53/Lincoln%27s_Sparrow_at_bird_feeder.jpg,https://ebird.org/species/linspa,https://en.wikipedia.org/wiki/Lincoln's_sparrow,https://www.allaboutbirds.org/guide/Lincolns_Sparrow/id,https://www.allaboutbirds.org/guide/assets/photo/32316881-1280px.jpg,https://macaulaylibrary.org/audio/130916,,,
Swamp Sparrow,UUFUUFF,https://upload.wikimedia.org/wikipedia/commons/b/bc/Melospiza_georgiana_MN1.jpg,https://ebird.org/species/swaspa,https://en.wikipedia.org/wiki/Swamp_sparrow,https://www.allaboutbirds.org/guide/Swamp_Sparrow/id,https://www.allaboutbirds.org/guide/assets/photo/31752291-1280px.jpg,https://macaulaylibrary.org/audio/15644,,,
Eastern Towhee,XUFFUUR,,https://ebird.org/species/eastow,https://en.wikipedia.org/wiki/Eastern_towhee,https://www.allaboutbirds.org/guide/Eastern_Towhee/id,https://www.allaboutbirds.org/guide/assets/photo/81203461-1280px.jpg,https://macaulaylibrary.org/audio/84753,,https://upload.wikimedia.org/wikipedia/commons/2/21/Pipilo_erythrophthalmus_-Quabbin_Reservoir%2C_Massachusetts%2C_USA_-male-8.jpg,https://upload.wikimedia.org/wikipedia/commons/7/79/Eastern_Towhee-27527.jpg
Yellow-breasted Chat,--URRX-,https://upload.wikimedia.org/wikipedia/commons/f/fb/Yellow-Breasted-Chat-Oregon.jpg,https://ebird.org/species/yebcha,https://en.wikipedia.org/wiki/Yellow-breasted_chat,https://www.allaboutbirds.org/guide/Yellow-breasted_Chat/id,https://www.allaboutbirds.org/guide/assets/photo/31918441-1280px.jpg,https://macaulaylibrary.org/audio/50184,,,
Yellow-headed Blackbird,-RRR---,,https://ebird.org/species/yehbla,https://en.wikipedia.org/wiki/Yellow-headed_blackbird,https://www.allaboutbirds.org/guide/yellow-headed_blackbird/id,https://www.allaboutbirds.org/guide/assets/photo/31721511-1280px.jpg,https://macaulaylibrary.org/audio/57530,,https://upload.wikimedia.org/wikipedia/commons/3/3b/Male_Yellow-headed_Blackbird.jpg,https://upload.wikimedia.org/wikipedia/commons/2/29/Yellow-headed_Blackbird_-_female.jpg
Bobolink,--FFUU-,,https://ebird.org/species/boboli,https://en.wikipedia.org/wiki/Bobolink,https://www.allaboutbirds.org/guide/Bobolink/id,https://www.allaboutbirds.org/guide/assets/photo/25037831-1280px.jpg,https://macaulaylibrary.org/audio/42236,,https://upload.wikimedia.org/wikipedia/commons/6/6b/Bobolink%2C_Mer_Bleue.jpg,https://upload.wikimedia.org/wikipedia/commons/8/81/Bobolink_%28F%29.jpg
Western Meadowlark,-XXXXX-,https://upload.wikimedia.org/wikipedia/commons/4/46/Western_Meadowlark.jpg,https://ebird.org/species/wesmea,https://en.wikipedia.org/wiki/Western_meadowlark,https://www.allaboutbirds.org/guide/Western_Meadowlark/id,https://www.allaboutbirds.org/guide/assets/photo/32198601-1280px.jpg,https://macaulaylibrary.org/audio/12728,,,
Eastern Meadowlark,RUFFFFU,https://upload.wikimedia.org/wikipedia/commons/1/17/Sturnella_magna_-Mexico-8.jpg,https://ebird.org/species/easmea,https://en.wikipedia.org/wiki/Eastern_meadowlark,https://www.allaboutbirds.org/guide/Eastern_Meadowlark/id,https://www.allaboutbirds.org/guide/assets/photo/32267711-1280px.jpg,https://macaulaylibrary.org/audio/106881,,,
Orchard Oriole,--FUU--,https://upload.wikimedia.org/wikipedia/commons/6/6f/Orchard_Oriole_by_Dan_Pancamo_1.jpg,https://ebird.org/species/orcori,https://en.wikipedia.org/wiki/Orchard_oriole,https://www.allaboutbirds.org/guide/Orchard_Oriole/id,https://www.allaboutbirds.org/guide/assets/photo/31746031-1280px.jpg,https://macaulaylibrary.org/audio/40765,,,
Baltimore Oriole,--FUU--,,https://ebird.org/species/balori,https://en.wikipedia.org/wiki/Baltimore_oriole,https://www.allaboutbirds.org/guide/Baltimore_Oriole/id,https://www.allaboutbirds.org/guide/assets/photo/31912371-1280px.jpg,https://macaulaylibrary.org/audio/93753,,https://upload.wikimedia.org/wikipedia/commons/6/66/Icterus-galbula-002.jpg,https://upload.wikimedia.org/wikipedia/commons/e/e3/Icterus_galbula1.jpg
Red-winged Blackbird,RAACCCF,,https://ebird.org/species/rewbla,https://ebird.org/species/rewbla,https://www.allaboutbirds.org/guide/Red-winged_Blackbird/id,https://www.allaboutbirds.org/guide/assets/photo/32257341-1280px.jpg,https://macaulaylibrary.org/audio/94234,,https://upload.wikimedia.org/wikipedia/commons/6/60/Agelaius_phoeniceus_0110_taxo.jpg,https://upload.wikimedia.org/wikipedia/commons/d/db/Agelaius_phoeniceus2.jpg
Brown-headed Cowbird,RCCFFFF,,https://ebird.org/species/bnhcow,https://en.wikipedia.org/wiki/Brown-headed_cowbird,https://www.allaboutbirds.org/guide/Brown-headed_Cowbird/id,https://www.allaboutbirds.org/guide/assets/photo/32005581-1280px.jpg,https://macaulaylibrary.org/audio/84746,,https://upload.wikimedia.org/wikipedia/commons/8/88/Molothrus_ater_2.jpg,https://upload.wikimedia.org/wikipedia/commons/f/f6/Molothrus_ater1.jpg
Rusty Blackbird,RUU--RU,https://upload.wikimedia.org/wikipedia/commons/b/b7/Euphagus-carolinus-001.jpg,https://ebird.org/species/rusbla/,https://en.wikipedia.org/wiki/Rusty_blackbird,https://www.allaboutbirds.org/guide/Rusty_Blackbird/id,https://www.allaboutbirds.org/guide/assets/photo/31721561-1280px.jpg,https://macaulaylibrary.org/audio/12459,,,
Brewer's Blackbird,XRX---R,,,,,,,,,
Common Grackle,RACCFCF,https://upload.wikimedia.org/wikipedia/commons/f/fd/Quiscalus-quiscula-001.jpg,https://ebird.org/species/comgra,https://en.wikipedia.org/wiki/Common_grackle,https://www.allaboutbirds.org/guide/Common_Grackle/id,https://www.allaboutbirds.org/guide/assets/photo/32260721-1280px.jpg,https://macaulaylibrary.org/audio/12668,,,
Ovenbird,--FRRFR,https://upload.wikimedia.org/wikipedia/commons/c/c4/Ovenbird_RWD2011b.jpg,https://ebird.org/species/ovenbi1,https://en.wikipedia.org/wiki/Ovenbird,https://www.allaboutbirds.org/guide/Ovenbird/id,https://www.allaboutbirds.org/guide/assets/photo/31505191-1280px.jpg,https://macaulaylibrary.org/audio/73935,,,
Worm-eating Warbler,--R----,https://upload.wikimedia.org/wikipedia/commons/7/71/Worm-eating_Warbler.jpg,https://ebird.org/species/woewar1,https://en.wikipedia.org/wiki/Worm-eating_warbler,https://www.allaboutbirds.org/guide/Worm-eating_Warbler/id,https://www.allaboutbirds.org/guide/assets/photo/32008221-1280px.jpg,https://macaulaylibrary.org/audio/84859,,,
Louisiana Waterthrush,-RRR---,https://upload.wikimedia.org/wikipedia/commons/a/a4/Seiurus_motacillaEMP17CB.jpg,https://ebird.org/species/louwat/,https://en.wikipedia.org/wiki/Louisiana_waterthrush,https://www.allaboutbirds.org/guide/Louisiana_Waterthrush/id,https://www.allaboutbirds.org/guide/assets/photo/31615161-1280px.jpg,https://macaulaylibrary.org/audio/105610,,,
Northern Waterthrush,--F--FR,https://upload.wikimedia.org/wikipedia/commons/b/b4/Northern_Waterthrush%2C_Parkesia_noveboracensis.jpg,https://ebird.org/species/norwat,https://en.wikipedia.org/wiki/Northern_waterthrush,https://www.allaboutbirds.org/guide/Northern_Waterthrush/id,https://www.allaboutbirds.org/guide/assets/photo/25039171-1280px.jpg,https://macaulaylibrary.org/audio/131464,,,
Golden-winged Warbler,--F--U-,,https://ebird.org/species/gowwar,https://en.wikipedia.org/wiki/Golden-winged_warbler,https://www.allaboutbirds.org/guide/Golden-winged_Warbler/id,https://www.allaboutbirds.org/guide/assets/photo/25039011-1280px.jpg,https://macaulaylibrary.org/audio/107379,,https://upload.wikimedia.org/wikipedia/commons/8/89/Golden-winged_Warbler%2C_Rock_Crusher_Rd.%2C_Sagola%2C_Iron_Co.%2C_MI%2C_21_May_2015_%2818195370525%29.jpg,https://upload.wikimedia.org/wikipedia/commons/f/f9/8G7D2461.jpg
Blue-winged Warbler,--FR-U-,https://upload.wikimedia.org/wikipedia/commons/1/13/Vermivora_cyanoptera_-North_Berwick%2C_Maine%2C_USA-8.jpg,https://ebird.org/species/buwwar,https://en.wikipedia.org/wiki/Blue-winged_warbler,https://www.allaboutbirds.org/guide/Blue-winged_Warbler/id,https://www.allaboutbirds.org/guide/assets/photo/31964401-1280px.jpg,https://macaulaylibrary.org/audio/10833,,,
Black-and-white Warbler,-RF-RF-,https://upload.wikimedia.org/wikipedia/commons/b/ba/Black-and-white_Warbler_2.jpg,https://ebird.org/species/bawwar,https://en.wikipedia.org/wiki/Black-and-white_warbler,https://www.allaboutbirds.org/guide/Black-and-white_Warbler/id,https://www.allaboutbirds.org/guide/assets/photo/31720651-1280px.jpg,https://macaulaylibrary.org/audio/73983,,,
Prothonotary Warbler,--RR-X-,,https://ebird.org/species/prowar,https://en.wikipedia.org/wiki/Prothonotary_warbler,https://www.allaboutbirds.org/guide/Prothonotary_Warbler/overview,https://www.allaboutbirds.org/guide/assets/photo/31912871-1280px.jpg,https://macaulaylibrary.org/audio/73882,,https://upload.wikimedia.org/wikipedia/commons/b/bb/Prothonotary_Warbler.jpg,https://upload.wikimedia.org/wikipedia/commons/5/55/Protonotaria-citrea-002_edit.jpg
Tennessee Warbler,--C--CU,,https://ebird.org/species/tenwar/,https://en.wikipedia.org/wiki/Tennessee_warbler,https://www.allaboutbirds.org/guide/Tennessee_Warbler/id,https://www.allaboutbirds.org/guide/assets/photo/31758081-1280px.jpg,https://macaulaylibrary.org/audio/10808,,https://upload.wikimedia.org/wikipedia/commons/0/0f/Tennessee_Warbler_2.jpg,https://upload.wikimedia.org/wikipedia/commons/4/4f/Tennessee_Warbler_%2820318546674%29.jpg
Orange-crowned Warbler,--U--RU,https://upload.wikimedia.org/wikipedia/commons/b/bb/Orange-crowned_warbler1.jpg,https://ebird.org/species/orcwar/,https://en.wikipedia.org/wiki/Orange-crowned_warbler,https://www.allaboutbirds.org/guide/Orange-crowned_Warbler/id,https://www.allaboutbirds.org/guide/assets/photo/31505451-1280px.jpg,https://macaulaylibrary.org/asset/130985,,,
Nashville Warbler,--F--FR,https://upload.wikimedia.org/wikipedia/commons/8/86/Vermivora_ruficapilla_Winema_National_Forest_%28cropped%29.jpg,https://ebird.org/species/naswar/,https://en.wikipedia.org/wiki/Nashville_warbler,https://www.allaboutbirds.org/guide/Nashville_Warbler/id,https://www.allaboutbirds.org/guide/assets/photo/31721851-1280px.jpg,https://macaulaylibrary.org/audio/77092,,,
Connecticut Warbler,--U--RX,https://upload.wikimedia.org/wikipedia/commons/5/5f/Oporornis_agilis_Youghiogheny_River_MD.jpg,https://ebird.org/species/conwar/,https://en.wikipedia.org/wiki/Connecticut_warbler,https://www.allaboutbirds.org/guide/Connecticut_Warbler/id,https://www.allaboutbirds.org/guide/assets/photo/32262101-1280px.jpg,https://macaulaylibrary.org/audio/68953,,,
Mourning Warbler,--U--RX,https://upload.wikimedia.org/wikipedia/commons/f/f4/Oporornis_philadelphiaAAP100CB1.jpg,https://ebird.org/species/mouwar,https://en.wikipedia.org/wiki/Mourning_warbler,https://www.allaboutbirds.org/guide/Mourning_Warbler/id,https://www.allaboutbirds.org/guide/assets/photo/32321961-1280px.jpg,https://macaulaylibrary.org/audio/120463,,,
Kentucky Warbler,--RX---,https://upload.wikimedia.org/wikipedia/commons/f/fe/Oporornis_formosus_FWS.jpg,https://ebird.org/species/kenwar,https://en.wikipedia.org/wiki/Kentucky_warbler,https://www.allaboutbirds.org/guide/Kentucky_Warbler/id,https://www.allaboutbirds.org/guide/assets/photo/32314091-1280px.jpg,https://macaulaylibrary.org/audio/73967,,,
Common Yellowthroat,X-CCFFR,,https://ebird.org/species/comyel,https://en.wikipedia.org/wiki/Common_yellowthroat,https://www.allaboutbirds.org/guide/Common_Yellowthroat/id,https://www.allaboutbirds.org/guide/assets/photo/32261881-1280px.jpg,https://macaulaylibrary.org/audio/118601,,https://upload.wikimedia.org/wikipedia/commons/d/d8/Common_Yellowthroat_by_Dan_Pancamo.jpg,https://upload.wikimedia.org/wikipedia/commons/5/57/Female_Common_Yellowthroat.jpg
Hooded Warbler,--RR-X-,https://upload.wikimedia.org/wikipedia/commons/d/db/Hooded_Warbler.jpg,https://ebird.org/species/hoowar,https://en.wikipedia.org/wiki/Hooded_warbler,https://www.allaboutbirds.org/guide/Hooded_Warbler/id,https://www.allaboutbirds.org/guide/assets/photo/31505711-1280px.jpg,https://macaulaylibrary.org/audio/26271,,,
American Redstart,X-CRRC-,,https://ebird.org/species/amered,https://en.wikipedia.org/wiki/American_redstart,https://www.allaboutbirds.org/guide/American_Redstart/id,https://www.allaboutbirds.org/guide/assets/photo/31751791-1280px.jpg,https://macaulaylibrary.org/audio/50309,,https://upload.wikimedia.org/wikipedia/commons/c/cd/Setophaga_ruticilla_-Chiquimula%2C_Guatemala_-male-8-4c.jpg,https://upload.wikimedia.org/wikipedia/commons/7/72/Setophaga_ruticilla_%28femelle%29.jpg
Cape May Warbler,--U-XU-,,https://ebird.org/species/camwar,https://en.wikipedia.org/wiki/Cape_May_warbler,https://www.allaboutbirds.org/guide/Cape_May_Warbler/id,https://www.allaboutbirds.org/guide/assets/photo/31755601-1280px.jpg,https://macaulaylibrary.org/asset/42457,,https://upload.wikimedia.org/wikipedia/commons/a/a1/Dendroica_tigrina_FWS.jpg,https://upload.wikimedia.org/wikipedia/commons/e/eb/Cape_May_Warbler_RWD3.jpg
Cerulean Warbler,--R--X-,https://upload.wikimedia.org/wikipedia/commons/f/f3/Dendroica-cerulea-002.jpg,https://ebird.org/species/cerwar,https://en.wikipedia.org/wiki/Cerulean_warbler,https://www.allaboutbirds.org/guide/Cerulean_Warbler/id,https://www.allaboutbirds.org/guide/assets/photo/31916451-1280px.jpg,https://macaulaylibrary.org/audio/113505,,,
Northern Parula,--UR-U-,https://upload.wikimedia.org/wikipedia/commons/6/6f/Northern_Parula_by_Dan_Pancamo.jpg,https://ebird.org/species/norpar,https://en.wikipedia.org/wiki/Northern_parula,https://www.allaboutbirds.org/guide/Northern_Parula/id,https://www.allaboutbirds.org/guide/assets/photo/31722231-1280px.jpg,https://macaulaylibrary.org/audio/73928,,,
Magnolia Warbler,--F--FR,https://upload.wikimedia.org/wikipedia/commons/7/72/Dendroica_magnolia_MN.jpg,https://ebird.org/species/magwar,https://en.wikipedia.org/wiki/Magnolia_warbler,https://www.allaboutbirds.org/guide/Magnolia_Warbler/id,https://www.allaboutbirds.org/guide/assets/photo/31506251-1280px.jpg,https://macaulaylibrary.org/audio/107370,,,
Bay-breasted Warbler,--F--F-,https://upload.wikimedia.org/wikipedia/commons/a/af/Dendroica-castanea-001.jpg,https://ebird.org/species/babwar/,https://en.wikipedia.org/wiki/Bay-breasted_warbler,https://www.allaboutbirds.org/guide/Bay-breasted_Warbler/id,https://www.allaboutbirds.org/guide/assets/photo/31721991-1280px.jpg,https://macaulaylibrary.org/audio/42700,,,
Blackburnian Warbler,--F--F-,https://upload.wikimedia.org/wikipedia/commons/f/fe/Dendroica-fusca-001.jpg,https://ebird.org/species/bkbwar,https://en.wikipedia.org/wiki/Blackburnian_warbler,https://www.allaboutbirds.org/guide/Blackburnian_Warbler/id,https://www.allaboutbirds.org/guide/assets/photo/38835131-1280px.jpg,https://macaulaylibrary.org/audio/73981,,,
Yellow Warbler,--CFFU-,https://upload.wikimedia.org/wikipedia/commons/a/a3/Dendroica-aestiva-001.jpg,https://ebird.org/species/yelwar,https://en.wikipedia.org/wiki/American_yellow_warbler,https://www.allaboutbirds.org/guide/Yellow_Warbler/id,https://www.allaboutbirds.org/guide/assets/photo/32008021-1280px.jpg,https://macaulaylibrary.org/audio/57524601,,,
Chestnut-sided Warbler,--FR-F-,https://upload.wikimedia.org/wikipedia/commons/9/95/Dendroica-pensylvanica-003.jpg,https://ebird.org/species/chswar,https://en.wikipedia.org/wiki/Chestnut-sided_warbler,https://www.allaboutbirds.org/guide/Chestnut-sided_Warbler/id,https://www.allaboutbirds.org/guide/assets/photo/31721491-1280px.jpg,https://macaulaylibrary.org/audio/68907,,,
Blackpoll Warbler,--F--FR,https://upload.wikimedia.org/wikipedia/commons/4/46/Dendroica_striata_MN.jpg,https://ebird.org/species/bkpwar,https://en.wikipedia.org/wiki/Blackpoll_warbler,https://www.allaboutbirds.org/guide/Blackpoll_Warbler/id,https://www.allaboutbirds.org/guide/assets/photo/31913391-1280px.jpg,https://macaulaylibrary.org/audio/132227,,,
Black-throated Blue Warbler,--U--UX,,https://ebird.org/species/btbwar,https://en.wikipedia.org/wiki/Black-throated_blue_warbler,https://www.allaboutbirds.org/guide/Black-throated_Blue_Warbler/id,https://www.allaboutbirds.org/guide/assets/photo/70634531-1280px.jpg,https://macaulaylibrary.org/audio/107391,,https://upload.wikimedia.org/wikipedia/commons/3/3c/Black-throated_Blue_Warbler%2C_Parc_%C3%89coforestier_de_Johnville%2C_Quebec%2C_Canada.jpg,https://upload.wikimedia.org/wikipedia/commons/1/1a/BlackThroatedBlueFemale.jpg
Palm Warbler,--C--FU,https://upload.wikimedia.org/wikipedia/commons/5/5c/Palm_Warbler%2C_Indiatlatlantic.jpg,https://ebird.org/species/palwar,https://en.wikipedia.org/wiki/Palm_warbler,https://www.allaboutbirds.org/guide/Palm_Warbler/id,https://www.allaboutbirds.org/guide/assets/photo/31722741-1280px.jpg,https://macaulaylibrary.org/audio/93798,,,
Pine Warbler,-RURXUR,https://upload.wikimedia.org/wikipedia/commons/8/8e/Dendroica_pinus.jpg,https://ebird.org/species/pinwar/,https://en.wikipedia.org/wiki/Pine_warbler,https://www.allaboutbirds.org/guide/Pine_Warbler/id,https://www.allaboutbirds.org/guide/assets/photo/31913681-1280px.jpg,https://macaulaylibrary.org/audio/105447,,,
Yellow-rumped Warbler,RUA--UC,https://upload.wikimedia.org/wikipedia/commons/6/62/Audubon%27s_Warbler_Setophaga_auduboni.jpg,https://ebird.org/species/yerwar,https://en.wikipedia.org/wiki/Yellow-rumped_warbler,https://www.allaboutbirds.org/guide/Yellow-rumped_Warbler/id,https://www.allaboutbirds.org/guide/assets/photo/34404731-1280px.jpg,https://macaulaylibrary.org/asset/85231,,,
Yellow-throated Warbler,--RR-X-,https://upload.wikimedia.org/wikipedia/commons/8/8a/Yellow-throated_Warbler_2.jpg,https://ebird.org/species/yetwar,https://en.wikipedia.org/wiki/Yellow-throated_warbler,https://www.allaboutbirds.org/guide/Yellow-throated_Warbler/id,https://www.allaboutbirds.org/guide/assets/photo/31722361-1280px.jpg,https://macaulaylibrary.org/audio/105427,,,
Prairie Warbler,--R--X-,https://upload.wikimedia.org/wikipedia/commons/e/e5/Prairie_warbler_%28Setophaga_discolor_paludicola%29_male_J.jpg,https://ebird.org/species/prawar/,https://en.wikipedia.org/wiki/Prairie_warbler,https://www.allaboutbirds.org/guide/Prairie_Warbler/id,https://www.allaboutbirds.org/guide/assets/photo/32323781-1280px.jpg,https://macaulaylibrary.org/audio/73953,,,
Black-throated Green Warbler,--F--FR,,https://ebird.org/species/btnwar,https://en.wikipedia.org/wiki/Black-throated_green_warbler,https://www.allaboutbirds.org/guide/Black-throated_Green_Warbler/id,https://www.allaboutbirds.org/guide/assets/photo/31504211-1280px.jpg,https://macaulaylibrary.org/audio/105403,,https://upload.wikimedia.org/wikipedia/commons/d/d2/Black-throated_Green_Warbler_by_Dan_Pancamo.jpg,https://upload.wikimedia.org/wikipedia/commons/9/9d/Black-throated_Green_Warbler_by_Dan_Pancamo_2.jpg
Canada Warbler,--U--U-,,https://ebird.org/species/canwar,https://en.wikipedia.org/wiki/Canada_warbler,https://www.allaboutbirds.org/guide/Canada_Warbler/id,https://www.allaboutbirds.org/guide/assets/photo/31913261-1280px.jpg,https://macaulaylibrary.org/audio/77094,,https://upload.wikimedia.org/wikipedia/commons/b/b1/8G7D5475-Canada.jpg,https://upload.wikimedia.org/wikipedia/commons/0/0d/Canada_Warbler_on_Bough.jpg
Wilson's Warbler,--U--U-,https://upload.wikimedia.org/wikipedia/commons/8/85/Wilsonia_pusilla.jpg,https://ebird.org/species/wlswar,https://en.wikipedia.org/wiki/Wilson's_warbler,https://www.allaboutbirds.org/guide/Wilsons_Warbler/id,https://www.allaboutbirds.org/guide/assets/photo/32008981-1280px.jpg,https://macaulaylibrary.org/asset/126446,,,
Summer Tanager,--RRRX-,,https://ebird.org/species/sumtan/,https://en.wikipedia.org/wiki/Summer_tanager,https://www.allaboutbirds.org/guide/Summer_Tanager/id,https://www.allaboutbirds.org/guide/assets/photo/31745821-1280px.jpg,https://macaulaylibrary.org/audio/40575,,https://upload.wikimedia.org/wikipedia/commons/0/09/Summer_Tanager_male_hephzibah.jpg,https://upload.wikimedia.org/wikipedia/commons/b/b3/Female_Summer_Tanager_%287093902581%29.jpg
Scarlet Tanager,--FRRUR,,https://ebird.org/species/scatan,https://en.wikipedia.org/wiki/Scarlet_tanager,https://www.allaboutbirds.org/guide/Scarlet_Tanager/id,https://www.allaboutbirds.org/guide/assets/photo/32252581-1280px.jpg,https://macaulaylibrary.org/audio/85102,,https://upload.wikimedia.org/wikipedia/commons/1/1c/7Z1E5997a.jpg,https://upload.wikimedia.org/wikipedia/commons/8/86/ScarletTanager_mosbo6.jpg
Northern Cardinal,CCCCCCC,,https://ebird.org/species/norcar,https://en.wikipedia.org/wiki/Northern_cardinal,https://www.allaboutbirds.org/guide/Northern_Cardinal/id,https://www.allaboutbirds.org/guide/assets/photo/32322661-1280px.jpg,https://macaulaylibrary.org/audio/49062,,https://upload.wikimedia.org/wikipedia/commons/d/da/Cardinal.jpg,https://upload.wikimedia.org/wikipedia/commons/f/f4/Cardinalis_cardinalis_-Florida%2C_USA_-female-8.jpg
Rose-breasted Grosbeak,-RFUUFR,,https://ebird.org/species/robgro,https://en.wikipedia.org/wiki/Rose-breasted_grosbeak,https://www.allaboutbirds.org/guide/Rose-breasted_Grosbeak/id,https://www.allaboutbirds.org/guide/assets/photo/31946841-1280px.jpg,https://macaulaylibrary.org/audio/107970,,https://upload.wikimedia.org/wikipedia/commons/d/d3/RosebreastedGrosbeak08.jpg,https://upload.wikimedia.org/wikipedia/commons/5/56/Pheucticus_ludovicianus_CT2.jpg
Blue Grosbeak,--RRRX-,,https://ebird.org/species/blugrb1/,https://en.wikipedia.org/wiki/Blue_grosbeak,https://www.allaboutbirds.org/guide/Blue_Grosbeak/id,https://www.allaboutbirds.org/guide/assets/photo/31964511-1280px.jpg,https://macaulaylibrary.org/audio/40513,,https://upload.wikimedia.org/wikipedia/commons/b/b9/Blue_Grosbeak_by_Dan_Pancamo.jpg,https://upload.wikimedia.org/wikipedia/commons/3/38/Blue_Grosbeak_female_RWD2.jpg
Indigo Bunting,--CCCFU,https://upload.wikimedia.org/wikipedia/commons/6/62/Passerina_cyaneaAAP086CA.jpg,https://ebird.org/species/indbun,https://en.wikipedia.org/wiki/Indigo_bunting,https://www.allaboutbirds.org/guide/Indigo_Bunting/id,https://www.allaboutbirds.org/guide/assets/photo/32313801-1280px.jpg,"['https://macaulaylibrary.org/asset/79477', 'https://macaulaylibrary.org/asset/534506']",,,
Dickcissel,--FFFX-,https://upload.wikimedia.org/wikipedia/commons/2/26/DickcisselA.jpg,https://ebird.org/species/dickci/,https://en.wikipedia.org/wiki/Dickcissel,https://www.allaboutbirds.org/guide/Dickcissel/id,https://www.allaboutbirds.org/guide/assets/photo/31947701-1280px.jpg,https://macaulaylibrary.org/asset/42396,,,
